Class1,Class2,Count,emg1,emg2,old_emg1,Old_emg2
Thumb,Flick,1,0.27,0.25,0,0
Thumb,Flick,2,0.26,0.25,0.27,0
Thumb,Flick,3,0.26,0.22,0.27,0.25
Thumb,Flick,4,0.23,0.22,0.26,0.25
Thumb,Flick,5,0.23,0.18,0.26,0.22
Thumb,Flick,6,0.22,0.18,0.23,0.22
Thumb,Flick,7,0.22,0.20,0.23,0.18
Thumb,Flick,8,0.27,0.20,0.22,0.18
Thumb,Flick,9,0.27,0.18,0.22,0.20
Thumb,Flick,10,0.30,0.18,0.27,0.20
Thumb,Flick,1,0.37,0.23,0.30,0.18
Thumb,Flick,2,0.38,0.23,0.37,0.18
Thumb,Flick,3,0.77,0.31,0.38,0.23
Thumb,Flick,4,1.18,0.31,0.77,0.23
Thumb,Flick,5,1.18,0.87,0.77,0.31
Thumb,Flick,6,1.25,0.87,1.18,0.31
Thumb,Flick,7,1.25,2.31,1.18,0.87
Thumb,Flick,8,1.24,2.31,1.25,0.87
Thumb,Flick,9,1.24,1.09,1.25,2.31
Thumb,Flick,10,1.28,1.09,1.24,2.31
Thumb,Flick,1,1.28,1.48,1.24,1.09
Thumb,Flick,2,1.96,1.48,1.28,1.09
Thumb,Flick,3,1.96,2.99,1.28,1.48
Thumb,Flick,4,1.44,2.99,1.96,1.48
Thumb,Flick,5,1.44,2.16,1.96,2.99
Thumb,Flick,6,1.28,2.16,1.44,2.99
Thumb,Flick,7,1.28,1.10,1.44,2.16
Thumb,Flick,8,1.14,1.10,1.28,2.16
Thumb,Flick,9,1.14,1.09,1.28,1.10
Thumb,Flick,10,1.58,1.09,1.14,1.10
Thumb,Flick,1,1.58,2.31,1.14,1.09
Thumb,Flick,2,1.13,2.31,1.58,1.09
Thumb,Flick,3,1.13,1.45,1.58,2.31
Thumb,Flick,4,0.92,1.45,1.13,2.31
Thumb,Flick,5,0.92,0.94,1.13,1.45
Thumb,Flick,6,0.77,0.94,0.92,1.45
Thumb,Flick,7,0.77,0.95,0.92,0.94
Thumb,Flick,8,1.39,0.95,0.77,0.94
Thumb,Flick,9,1.39,2.10,0.77,0.95
Thumb,Flick,10,1.10,2.10,1.39,0.95
Thumb,Flick,1,1.10,1.81,1.39,2.10
Thumb,Flick,2,0.76,1.81,1.10,2.10
Thumb,Flick,3,0.76,0.92,1.10,1.81
Thumb,Flick,4,0.63,0.92,0.76,1.81
Thumb,Flick,5,0.63,0.87,0.76,0.92
Thumb,Flick,6,0.60,0.87,0.63,0.92
Thumb,Flick,7,0.60,0.75,0.63,0.87
Thumb,Flick,8,1.56,0.75,0.60,0.87
Thumb,Flick,9,1.56,2.83,0.60,0.75
Thumb,Flick,10,0.75,2.83,1.56,0.75
Thumb,Flick,1,0.75,1.12,1.56,2.83
Thumb,Flick,2,0.44,1.12,0.75,2.83
Thumb,Flick,3,0.44,0.87,0.75,1.12
Thumb,Flick,4,0.42,0.87,0.44,1.12
Thumb,Flick,5,0.42,0.81,0.44,0.87
Thumb,Flick,6,1.17,0.81,0.42,0.87
Thumb,Flick,7,1.17,1.55,0.42,0.81
Thumb,Flick,8,0.81,1.55,1.17,0.81
Thumb,Flick,9,0.81,1.38,1.17,1.55
Thumb,Flick,10,0.51,1.38,0.81,1.55
Thumb,Flick,1,0.51,0.76,0.81,1.38
Thumb,Flick,2,0.46,0.76,0.51,1.38
Thumb,Flick,3,0.46,0.65,0.51,0.76
Thumb,Flick,4,0.42,0.65,0.46,0.76
Thumb,Flick,5,0.42,0.56,0.46,0.65
Thumb,Flick,6,1.24,0.56,0.42,0.65
Thumb,Flick,7,1.24,1.96,0.42,0.56
Thumb,Flick,8,0.68,1.96,1.24,0.56
Thumb,Flick,9,0.68,1.08,1.24,1.96
Thumb,Flick,10,0.55,1.08,0.68,1.96
Thumb,Flick,1,0.55,0.56,0.68,1.08
Thumb,Flick,2,0.43,0.56,0.55,1.08
Thumb,Flick,3,0.43,0.53,0.55,0.56
Thumb,Flick,4,0.33,0.53,0.43,0.56
Thumb,Flick,5,0.33,0.44,0.43,0.53
Thumb,Flick,6,1.18,0.44,0.33,0.53
Thumb,Flick,7,1.18,2.08,0.33,0.44
Thumb,Flick,8,0.75,2.08,1.18,0.44
Thumb,Flick,9,0.75,1.21,1.18,2.08
Thumb,Flick,10,0.57,1.21,0.75,2.08
Thumb,Flick,1,0.57,0.74,0.75,1.21
Thumb,Flick,2,0.41,0.74,0.57,1.21
Thumb,Flick,3,0.41,0.59,0.57,0.74
Thumb,Flick,4,0.38,0.59,0.41,0.74
Thumb,Flick,5,0.38,0.49,0.41,0.59
Thumb,Flick,6,0.28,0.49,0.38,0.59
Thumb,Flick,7,0.28,0.43,0.38,0.49
Thumb,Flick,8,1.61,0.43,0.28,0.49
Thumb,Flick,9,1.61,2.39,0.28,0.43
Thumb,Flick,10,0.79,2.39,1.61,0.43
Thumb,Flick,1,0.79,1.27,1.61,2.39
Thumb,Flick,2,0.53,1.27,0.79,2.39
Thumb,Flick,3,0.53,0.72,0.79,1.27
Thumb,Flick,4,0.36,0.72,0.53,1.27
Thumb,Flick,5,0.36,0.60,0.53,0.72
Thumb,Flick,6,0.33,0.60,0.36,0.72
Thumb,Flick,7,0.33,0.54,0.36,0.60
Thumb,Flick,8,0.32,0.54,0.33,0.60
Thumb,Flick,9,0.32,0.45,0.33,0.54
Thumb,Flick,10,1.69,0.45,0.32,0.54
Thumb,Flick,1,1.69,2.88,0.32,0.45
Thumb,Flick,2,0.83,2.88,1.69,0.45
Thumb,Flick,3,0.83,1.38,1.69,2.88
Thumb,Flick,4,0.64,1.38,0.83,2.88
Thumb,Flick,5,0.64,0.90,0.83,1.38
Thumb,Flick,6,0.52,0.90,0.64,1.38
Thumb,Flick,7,0.52,0.74,0.64,0.90
Thumb,Flick,8,0.37,0.74,0.52,0.90
Thumb,Flick,9,0.37,0.66,0.52,0.74
Thumb,Flick,10,0.39,0.61,0.37,0.66
Thumb,Flick,1,0.39,0.47,0.37,0.61
Thumb,Flick,2,1.26,0.47,0.39,0.61
Thumb,Flick,3,1.26,1.84,0.39,0.47
Thumb,Flick,4,0.70,1.84,1.26,0.47
Thumb,Flick,5,0.70,0.90,1.26,1.84
Thumb,Flick,6,0.53,0.90,0.70,1.84
Thumb,Flick,7,0.53,0.59,0.70,0.90
Thumb,Flick,8,0.41,0.59,0.53,0.90
Thumb,Flick,9,0.41,0.56,0.53,0.59
Thumb,Flick,10,0.40,0.56,0.41,0.59
Thumb,Flick,1,0.40,0.52,0.41,0.56
Thumb,Flick,2,0.32,0.52,0.40,0.56
Thumb,Flick,3,0.32,0.43,0.40,0.52
Thumb,Flick,4,0.31,0.43,0.32,0.52
Thumb,Flick,5,0.31,0.34,0.32,0.43
Thumb,Flick,6,1.12,0.34,0.31,0.43
Thumb,Flick,7,1.12,1.89,0.31,0.34
Thumb,Flick,8,0.73,1.89,1.12,0.34
Thumb,Flick,9,0.73,1.02,1.12,1.89
Thumb,Flick,10,0.62,1.02,0.73,1.89
Thumb,Flick,1,0.62,0.66,0.73,1.02
Thumb,Flick,2,0.43,0.66,0.62,1.02
Thumb,Flick,3,0.43,0.53,0.62,0.66
Thumb,Flick,4,0.48,0.53,0.43,0.66
Thumb,Flick,5,0.48,0.57,0.43,0.53
Thumb,Flick,6,0.44,0.57,0.48,0.53
Thumb,Flick,7,0.44,0.47,0.48,0.57
Thumb,Flick,8,1.35,0.47,0.44,0.57
Thumb,Flick,9,1.35,2.39,0.44,0.47
Thumb,Flick,10,0.71,2.39,1.35,0.47
Thumb,Flick,1,0.71,1.09,1.35,2.39
Thumb,Flick,2,0.53,1.09,0.71,2.39
Thumb,Flick,3,0.53,0.69,0.71,1.09
Thumb,Flick,4,0.47,0.69,0.53,1.09
Thumb,Flick,5,0.47,0.58,0.53,0.69
Thumb,Flick,6,0.40,0.66,0.47,0.58
Thumb,Flick,7,0.40,0.53,0.47,0.66
Thumb,Flick,8,0.34,0.53,0.40,0.66
Thumb,Flick,9,0.34,0.41,0.40,0.53
Thumb,Flick,10,1.03,0.41,0.34,0.53
Thumb,Flick,1,1.03,1.74,0.34,0.41
Thumb,Flick,2,0.69,1.74,1.03,0.41
Thumb,Flick,3,0.69,0.95,1.03,1.74
Thumb,Flick,4,0.52,0.95,0.69,1.74
Thumb,Flick,5,0.52,0.75,0.69,0.95
Thumb,Flick,6,0.42,0.75,0.52,0.95
Thumb,Flick,7,0.42,0.47,0.52,0.75
Thumb,Flick,8,0.40,0.47,0.42,0.75
Thumb,Flick,9,0.40,0.42,0.42,0.47
Thumb,Flick,10,0.74,0.42,0.40,0.47
Thumb,Flick,1,0.74,1.00,0.40,0.42
Thumb,Flick,2,0.67,1.00,0.74,0.42
Thumb,Flick,3,0.67,0.94,0.74,1.00
Thumb,Flick,4,0.58,0.94,0.67,1.00
Thumb,Flick,5,0.58,0.63,0.67,0.94
Thumb,Flick,6,0.45,0.63,0.58,0.94
Thumb,Flick,7,0.45,0.54,0.58,0.63
Thumb,Flick,8,0.39,0.54,0.45,0.63
Thumb,Flick,9,0.39,0.40,0.45,0.54
Thumb,Flick,10,0.73,0.40,0.39,0.54
Thumb,Flick,1,0.73,0.93,0.39,0.40
Thumb,Flick,2,1.08,0.93,0.73,0.40
Thumb,Flick,3,1.08,1.73,0.73,0.93
Thumb,Flick,4,0.59,1.73,1.08,0.93
Thumb,Flick,5,0.59,0.67,1.08,1.73
Thumb,Flick,6,0.47,0.67,0.59,1.73
Thumb,Flick,7,0.47,0.50,0.59,0.67
Thumb,Flick,8,0.60,0.50,0.47,0.67
Thumb,Flick,9,0.60,0.40,0.47,0.50
Thumb,Flick,10,0.53,0.40,0.60,0.50
Thumb,Flick,1,0.53,0.58,0.60,0.40
Thumb,Flick,2,0.87,0.58,0.53,0.40
Thumb,Flick,3,0.87,1.27,0.53,0.58
Thumb,Flick,4,0.54,1.27,0.87,0.58
Thumb,Flick,5,0.54,0.77,0.87,1.27
Thumb,Flick,6,0.48,0.77,0.54,1.27
Thumb,Flick,7,0.48,0.58,0.54,0.77
Thumb,Flick,8,0.42,0.58,0.48,0.77
Thumb,Flick,9,0.42,0.54,0.48,0.58
Thumb,Flick,10,0.39,0.54,0.42,0.58
Thumb,Flick,1,0.39,0.49,0.42,0.54
Thumb,Flick,2,0.31,0.49,0.39,0.54
Thumb,Flick,3,0.31,0.43,0.39,0.49
Thumb,Flick,4,0.42,0.43,0.31,0.49
Thumb,Flick,5,0.42,0.60,0.31,0.43
Thumb,Flick,6,1.92,0.60,0.42,0.43
Thumb,Flick,7,1.92,3.00,0.42,0.60
Thumb,Flick,8,1.62,3.00,1.92,0.60
Thumb,Flick,9,1.62,2.63,1.92,3.00
Thumb,Flick,10,1.24,2.63,1.62,3.00
Thumb,Flick,1,1.24,1.96,1.62,2.63
Thumb,Flick,2,1.49,1.96,1.24,2.63
Thumb,Flick,3,1.49,2.51,1.24,1.96
Thumb,Flick,4,0.95,2.51,1.49,1.96
Thumb,Flick,5,0.95,1.59,1.49,2.51
Thumb,Flick,6,0.57,1.59,0.95,2.51
Thumb,Flick,7,0.57,1.17,0.95,1.59
Thumb,Flick,8,0.45,1.17,0.57,1.59
Thumb,Flick,9,0.45,0.94,0.57,1.17
Thumb,Flick,10,0.77,0.94,0.45,1.17
Thumb,Flick,1,0.77,1.23,0.45,0.94
Thumb,Flick,2,1.29,1.23,0.77,0.94
Thumb,Flick,3,1.29,2.11,0.77,1.23
Thumb,Flick,4,0.90,2.11,1.29,1.23
Thumb,Flick,5,0.90,1.66,1.29,2.11
Thumb,Flick,6,1.23,1.66,0.90,2.11
Thumb,Flick,7,1.23,2.10,0.90,1.66
Thumb,Flick,8,1.09,2.10,1.23,1.66
Thumb,Flick,9,1.09,1.82,1.23,2.10
Thumb,Flick,10,0.95,1.82,1.09,2.10
Thumb,Flick,1,0.95,1.49,1.09,1.82
Thumb,Flick,2,1.06,1.49,0.95,1.82
Thumb,Flick,3,1.06,1.64,0.95,1.49
Thumb,Flick,4,1.04,1.64,1.06,1.49
Thumb,Flick,5,1.04,1.74,1.06,1.64
Thumb,Flick,6,1.42,1.74,1.04,1.64
Thumb,Flick,7,1.42,2.50,1.04,1.74
Thumb,Flick,8,1.47,2.50,1.42,1.74
Thumb,Flick,9,1.47,2.38,1.42,2.50
Thumb,Flick,10,1.13,2.38,1.47,2.50
Thumb,Flick,1,1.13,1.92,1.47,2.38
Thumb,Flick,2,1.06,1.92,1.13,2.38
Thumb,Flick,3,1.06,1.65,1.13,1.92
Thumb,Flick,4,1.14,1.65,1.06,1.92
Thumb,Flick,5,1.14,1.81,1.06,1.65
Thumb,Flick,6,1.19,1.81,1.14,1.65
Thumb,Flick,7,1.19,1.88,1.14,1.81
Thumb,Flick,8,1.30,1.88,1.19,1.81
Thumb,Flick,9,1.30,2.19,1.19,1.88
Thumb,Flick,10,1.41,2.19,1.30,1.88
Thumb,Flick,1,1.41,2.51,1.30,2.19
Thumb,Flick,2,1.05,2.51,1.41,2.19
Thumb,Flick,3,1.05,1.62,1.41,2.51
Thumb,Flick,4,1.04,1.62,1.05,2.51
Thumb,Flick,5,1.04,1.55,1.05,1.62
Thumb,Flick,6,1.13,1.55,1.04,1.62
Thumb,Flick,7,1.13,1.86,1.04,1.55
Thumb,Flick,8,0.95,1.86,1.13,1.55
Thumb,Flick,9,0.95,1.44,1.13,1.86
Thumb,Flick,10,0.89,1.44,0.95,1.86
Thumb,Flick,1,0.89,1.27,0.95,1.44
Thumb,Flick,2,0.84,1.27,0.89,1.44
Thumb,Flick,3,0.84,1.20,0.89,1.27
Thumb,Flick,4,0.81,1.20,0.84,1.27
Thumb,Flick,5,0.81,1.12,0.84,1.20
Thumb,Flick,6,0.76,1.12,0.81,1.20
Thumb,Flick,7,0.76,1.06,0.81,1.12
Thumb,Flick,8,0.88,1.06,0.76,1.12
Thumb,Flick,9,0.88,1.31,0.76,1.06
Thumb,Flick,10,0.57,1.31,0.88,1.06
Thumb,Flick,1,0.57,0.66,0.88,1.31
Thumb,Flick,2,0.49,0.66,0.57,1.31
Thumb,Flick,3,0.49,0.50,0.57,0.66
Thumb,Flick,4,0.57,0.50,0.49,0.66
Thumb,Flick,5,0.57,0.38,0.49,0.50
Thumb,Flick,6,1.07,0.38,0.57,0.50
Thumb,Flick,7,1.07,1.84,0.57,0.38
Thumb,Flick,8,0.84,1.84,1.07,0.38
Thumb,Flick,9,0.84,1.45,1.07,1.84
Thumb,Flick,10,0.74,1.45,0.84,1.84
Thumb,Flick,1,0.74,0.88,0.84,1.45
Thumb,Flick,2,0.52,0.88,0.74,1.45
Thumb,Flick,3,0.52,0.59,0.74,0.88
Thumb,Flick,4,0.44,0.59,0.52,0.88
Thumb,Flick,5,0.44,0.54,0.52,0.59
Thumb,Flick,6,1.65,0.54,0.44,0.59
Thumb,Flick,7,1.65,2.47,0.44,0.54
Thumb,Flick,8,1.54,2.47,1.65,0.54
Thumb,Flick,9,1.54,2.78,1.65,2.47
Thumb,Flick,10,0.99,2.78,1.54,2.47
Thumb,Flick,1,0.99,1.53,1.54,2.78
Thumb,Flick,2,0.63,1.53,0.99,2.78
Thumb,Flick,3,0.63,0.95,0.99,1.53
Thumb,Flick,4,0.43,0.95,0.63,1.53
Thumb,Flick,5,0.43,1.00,0.63,0.95
Thumb,Flick,6,1.29,1.00,0.43,0.95
Thumb,Flick,7,1.29,2.31,0.43,1.00
Thumb,Flick,8,1.20,2.31,1.29,1.00
Thumb,Flick,9,1.20,2.14,1.29,2.31
Thumb,Flick,10,0.67,2.14,1.20,2.31
Thumb,Flick,1,0.67,1.07,1.20,2.14
Thumb,Flick,2,0.56,1.07,0.67,2.14
Thumb,Flick,3,0.56,1.02,0.67,1.07
Thumb,Flick,4,1.17,1.02,0.56,1.07
Thumb,Flick,5,1.17,1.94,0.56,1.02
Thumb,Flick,6,1.40,1.94,1.17,1.02
Thumb,Flick,7,1.40,2.44,1.17,1.94
Thumb,Flick,8,1.11,2.44,1.40,1.94
Thumb,Flick,9,1.11,1.72,1.40,2.44
Thumb,Flick,10,0.69,1.72,1.11,2.44
Thumb,Flick,1,0.69,1.08,1.11,1.72
Thumb,Flick,2,0.50,1.08,0.69,1.72
Thumb,Flick,3,0.50,0.97,0.69,1.08
Thumb,Flick,4,1.39,0.97,0.50,1.08
Thumb,Flick,5,1.39,2.11,0.50,0.97
Thumb,Flick,6,0.82,2.11,1.39,0.97
Thumb,Flick,7,0.82,1.18,1.39,2.11
Thumb,Flick,8,0.51,1.18,0.82,2.11
Thumb,Flick,9,0.51,0.89,0.82,1.18
Thumb,Flick,10,0.44,0.89,0.51,1.18
Thumb,Flick,1,0.44,0.90,0.51,0.89
Thumb,Flick,2,0.77,0.90,0.44,0.89
Thumb,Flick,3,0.77,1.11,0.44,0.90
Thumb,Flick,4,1.09,1.11,0.77,0.90
Thumb,Flick,5,1.09,1.61,0.77,1.11
Thumb,Flick,6,0.60,1.61,1.09,1.11
Thumb,Flick,7,0.60,0.84,1.09,1.61
Thumb,Flick,8,0.48,0.84,0.60,1.61
Thumb,Flick,9,0.48,0.79,0.60,0.84
Thumb,Flick,10,0.37,0.79,0.48,0.84
Thumb,Flick,1,0.37,0.81,0.48,0.79
Thumb,Flick,2,1.16,0.81,0.37,0.79
Thumb,Flick,3,1.16,1.95,0.37,0.81
Thumb,Flick,4,0.65,1.95,1.16,0.81
Thumb,Flick,5,0.65,1.05,1.16,1.95
Thumb,Flick,6,0.35,1.05,0.65,1.95
Thumb,Flick,7,0.35,0.77,0.65,1.05
Thumb,Flick,8,0.46,0.77,0.35,1.05
Thumb,Flick,9,0.46,0.76,0.35,0.77
Thumb,Flick,10,0.53,0.76,0.46,0.77
Thumb,Flick,1,0.53,0.85,0.46,0.76
Thumb,Flick,2,1.69,0.85,0.53,0.76
Thumb,Flick,3,1.69,2.41,0.53,0.85
Thumb,Flick,4,0.82,2.41,1.69,0.85
Thumb,Flick,5,0.82,0.95,1.69,2.41
Thumb,Flick,6,0.58,0.95,0.82,2.41
Thumb,Flick,7,0.58,0.80,0.82,0.95
Thumb,Flick,8,0.48,0.80,0.58,0.95
Thumb,Flick,9,0.48,0.84,0.58,0.80
Thumb,Flick,10,1.04,0.84,0.48,0.80
Thumb,Flick,1,1.04,1.70,0.48,0.84
Thumb,Flick,2,0.86,1.70,1.04,0.84
Thumb,Flick,3,0.86,1.23,1.04,1.70
Thumb,Flick,4,0.67,1.23,0.86,1.70
Thumb,Flick,5,0.67,0.97,0.86,1.23
Thumb,Flick,6,0.46,0.97,0.67,1.23
Thumb,Flick,7,0.46,0.75,0.67,0.97
Thumb,Flick,8,0.52,0.75,0.46,0.97
Thumb,Flick,9,0.52,0.59,0.46,0.75
Thumb,Flick,10,1.14,0.59,0.52,0.75
Thumb,Flick,1,1.14,1.87,0.52,0.59
Thumb,Flick,2,0.93,1.87,1.14,0.59
Thumb,Flick,3,0.93,1.69,1.14,1.87
Thumb,Flick,4,0.66,1.69,0.93,1.87
Thumb,Flick,5,0.66,0.94,0.93,1.69
Thumb,Flick,6,0.54,0.94,0.66,1.69
Thumb,Flick,7,0.54,0.71,0.66,0.94
Thumb,Flick,8,0.45,0.71,0.54,0.94
Thumb,Flick,9,0.45,0.72,0.54,0.71
Thumb,Flick,10,1.56,0.72,0.45,0.71
Thumb,Flick,1,1.56,2.78,0.45,0.72
Thumb,Flick,2,1.09,2.78,1.56,0.72
Thumb,Flick,3,1.09,1.72,1.56,2.78
Thumb,Flick,4,0.58,1.72,1.09,2.78
Thumb,Flick,5,0.58,0.85,1.09,1.72
Thumb,Flick,6,0.49,0.85,0.58,1.72
Thumb,Flick,7,0.57,0.79,0.49,0.85
Thumb,Flick,8,1.37,0.79,0.57,0.85
Thumb,Flick,9,1.37,2.38,0.57,0.79
Thumb,Flick,10,1.24,2.38,1.37,0.79
Thumb,Flick,1,1.24,2.01,1.37,2.38
Thumb,Flick,2,0.65,2.01,1.24,2.38
Thumb,Flick,3,0.65,1.01,1.24,2.01
Thumb,Flick,4,0.69,1.01,0.65,2.01
Thumb,Flick,5,0.69,0.87,0.65,1.01
Thumb,Flick,6,1.33,0.87,0.69,1.01
Thumb,Flick,7,1.33,2.04,0.69,0.87
Thumb,Flick,8,1.01,2.04,1.33,0.87
Thumb,Flick,9,1.01,2.01,1.33,2.04
Thumb,Flick,10,0.52,2.01,1.01,2.04
Thumb,Flick,1,0.52,1.05,1.01,2.01
Thumb,Flick,2,0.53,1.05,0.52,2.01
Thumb,Flick,3,0.53,0.83,0.52,1.05
Thumb,Flick,4,0.88,0.83,0.53,1.05
Thumb,Flick,5,0.88,1.41,0.53,0.83
Thumb,Flick,6,1.37,1.41,0.88,0.83
Thumb,Flick,7,1.37,2.18,0.88,1.41
Thumb,Flick,8,1.01,2.18,1.37,1.41
Thumb,Flick,9,1.01,1.47,1.37,2.18
Thumb,Flick,10,0.68,1.47,1.01,2.18
Thumb,Flick,1,0.68,1.01,1.01,1.47
Thumb,Flick,2,0.44,1.01,0.68,1.47
Thumb,Flick,3,0.44,0.84,0.68,1.01
Thumb,Flick,4,0.82,0.84,0.44,1.01
Thumb,Flick,5,0.82,1.44,0.44,0.84
Thumb,Flick,6,1.51,1.44,0.82,0.84
Thumb,Flick,7,1.51,2.41,0.82,1.44
Thumb,Flick,8,0.75,2.41,1.51,1.44
Thumb,Flick,9,0.75,1.02,1.51,2.41
Thumb,Flick,10,0.53,1.02,0.75,2.41
Thumb,Flick,1,0.53,0.91,0.75,1.02
Thumb,Flick,2,0.43,0.91,0.53,1.02
Thumb,Flick,3,0.43,0.65,0.53,0.91
Thumb,Flick,4,1.31,0.65,0.43,0.91
Thumb,Flick,5,1.31,1.98,0.43,0.65
Thumb,Flick,6,0.62,1.98,1.31,0.65
Thumb,Flick,7,0.62,0.85,1.31,1.98
Thumb,Flick,8,0.42,0.85,0.62,1.98
Thumb,Flick,9,0.42,0.64,0.62,0.85
Thumb,Flick,10,0.52,0.64,0.42,0.85
Thumb,Flick,1,0.52,0.60,0.42,0.64
Thumb,Flick,2,0.53,0.60,0.52,0.64
Thumb,Flick,3,0.53,0.63,0.52,0.60
Thumb,Flick,4,1.35,0.63,0.53,0.60
Thumb,Flick,5,1.35,1.99,0.53,0.63
Thumb,Flick,6,0.69,1.99,1.35,0.63
Thumb,Flick,7,0.69,0.84,1.35,1.99
Thumb,Flick,8,0.59,0.84,0.69,1.99
Thumb,Flick,9,0.59,0.67,0.69,0.84
Thumb,Flick,10,0.52,0.67,0.59,0.84
Thumb,Flick,1,0.52,0.59,0.59,0.67
Thumb,Flick,2,1.46,0.59,0.52,0.67
Thumb,Flick,3,1.46,2.02,0.52,0.59
Thumb,Flick,4,0.89,2.02,1.46,0.59
Thumb,Flick,5,0.89,1.26,1.46,2.02
Thumb,Flick,6,0.61,1.26,0.89,2.02
Thumb,Flick,7,0.61,0.82,0.89,1.26
Thumb,Flick,8,0.43,0.82,0.61,1.26
Thumb,Flick,9,0.43,0.71,0.61,0.82
Thumb,Flick,10,0.64,0.71,0.43,0.82
Thumb,Flick,1,0.64,0.87,0.43,0.71
Thumb,Flick,2,1.12,0.87,0.64,0.71
Thumb,Flick,3,1.12,1.51,0.64,0.87
Thumb,Flick,4,0.61,1.51,1.12,0.87
Thumb,Flick,5,0.61,0.71,1.12,1.51
Thumb,Flick,6,0.45,0.71,0.61,1.51
Thumb,Flick,7,0.45,0.63,0.61,0.71
Thumb,Flick,8,0.46,0.63,0.45,0.71
Thumb,Flick,9,0.46,0.51,0.45,0.63
Thumb,Flick,10,1.52,0.51,0.46,0.63
Thumb,Flick,1,1.52,2.48,0.46,0.51
Thumb,Flick,2,0.94,2.48,1.52,0.51
Thumb,Flick,3,0.94,1.57,1.52,2.48
Thumb,Flick,4,0.59,1.57,0.94,2.48
Thumb,Flick,5,0.59,0.90,0.94,1.57
Thumb,Flick,6,0.51,0.90,0.59,1.57
Thumb,Flick,7,0.51,0.68,0.59,0.90
Thumb,Flick,8,0.70,0.68,0.51,0.90
Thumb,Flick,9,0.70,1.03,0.51,0.68
Thumb,Flick,10,1.60,1.03,0.70,0.68
Thumb,Flick,1,1.60,2.61,0.70,1.03
Thumb,Flick,2,0.70,2.61,1.60,1.03
Thumb,Flick,3,0.70,1.10,1.60,2.61
Thumb,Flick,4,0.47,1.10,0.70,2.61
Thumb,Flick,5,0.47,0.80,0.70,1.10
Thumb,Flick,6,0.34,0.80,0.47,1.10
Thumb,Flick,7,0.34,0.65,0.47,0.80
Thumb,Flick,8,0.84,0.65,0.34,0.80
Thumb,Flick,9,0.84,1.16,0.34,0.65
Thumb,Flick,10,1.41,1.16,0.84,0.65
Thumb,Flick,1,1.41,2.23,0.84,1.16
Thumb,Flick,2,0.75,2.23,1.41,1.16
Thumb,Flick,3,0.75,1.02,1.41,2.23
Thumb,Flick,4,0.55,1.02,0.75,2.23
Thumb,Flick,5,0.55,0.77,0.75,1.02
Thumb,Flick,6,0.81,0.77,0.55,1.02
Thumb,Flick,7,0.81,1.09,0.55,0.77
Thumb,Flick,8,1.05,1.09,0.81,0.77
Thumb,Flick,9,1.05,1.85,0.81,1.09
Thumb,Flick,10,0.62,1.85,1.05,1.09
Thumb,Flick,1,0.62,0.86,1.05,1.85
Thumb,Flick,2,0.46,0.86,0.62,1.85
Thumb,Flick,3,0.46,0.73,0.62,0.86
Thumb,Flick,4,0.37,0.73,0.46,0.86
Thumb,Flick,5,0.37,0.55,0.46,0.73
Thumb,Flick,6,1.36,0.55,0.37,0.73
Thumb,Flick,7,1.36,2.18,0.37,0.55
Thumb,Flick,8,0.70,2.18,1.36,0.55
Thumb,Flick,9,0.70,0.93,1.36,2.18
Thumb,Flick,10,0.55,0.93,0.70,2.18
Thumb,Flick,1,0.55,0.62,0.70,0.93
Thumb,Flick,2,0.51,0.62,0.55,0.93
Thumb,Flick,3,0.51,0.65,0.55,0.62
Thumb,Flick,4,0.65,0.65,0.51,0.62
Thumb,Flick,5,0.65,0.64,0.51,0.65
Thumb,Flick,6,0.48,0.64,0.65,0.65
Thumb,Flick,7,0.48,0.55,0.65,0.64
Thumb,Flick,8,0.45,0.55,0.48,0.64
Thumb,Flick,9,0.45,0.44,0.48,0.55
Thumb,Flick,10,0.41,0.44,0.45,0.55
Thumb,Flick,1,0.41,0.40,0.45,0.44
Thumb,Flick,2,1.16,0.40,0.41,0.44
Thumb,Flick,3,1.16,1.59,0.41,0.40
Thumb,Flick,4,0.94,1.59,1.16,0.40
Thumb,Flick,5,0.94,1.32,1.16,1.59
Thumb,Flick,6,0.57,1.32,0.94,1.59
Thumb,Flick,7,0.57,0.69,0.94,1.32
Thumb,Flick,8,0.46,0.69,0.57,1.32
Thumb,Flick,9,0.46,0.57,0.57,0.69
Thumb,Flick,10,1.57,0.57,0.46,0.69
Thumb,Flick,1,1.57,2.50,0.46,0.57
Thumb,Flick,2,1.34,2.50,1.57,0.57
Thumb,Flick,3,1.34,1.87,1.57,2.50
Thumb,Flick,4,0.75,1.87,1.34,2.50
Thumb,Flick,5,0.75,0.90,1.34,1.87
Thumb,Flick,6,0.52,0.90,0.75,1.87
Thumb,Flick,7,0.52,0.79,0.75,0.90
Thumb,Flick,8,0.89,0.79,0.52,0.90
Thumb,Flick,9,0.89,1.36,0.52,0.79
Thumb,Flick,10,0.90,1.36,0.89,0.79
Thumb,Flick,1,0.90,1.09,0.89,1.36
Thumb,Flick,2,0.52,1.09,0.90,1.36
Thumb,Flick,3,0.52,0.80,0.90,1.09
Thumb,Flick,4,0.36,0.80,0.52,1.09
Thumb,Flick,5,0.36,0.58,0.52,0.80
Thumb,Flick,6,0.76,0.58,0.36,0.80
Thumb,Flick,7,0.76,1.00,0.36,0.58
Thumb,Flick,8,0.64,1.00,0.76,0.58
Thumb,Flick,9,0.64,0.78,0.76,1.00
Thumb,Flick,10,0.38,0.78,0.64,1.00
Thumb,Flick,1,0.38,0.50,0.64,0.78
Thumb,Flick,2,0.36,0.50,0.38,0.78
Thumb,Flick,3,0.32,0.34,0.36,0.50
Thumb,Flick,4,0.73,0.34,0.32,0.50
Thumb,Flick,5,0.73,0.72,0.32,0.34
Thumb,Flick,6,1.30,0.72,0.73,0.34
Thumb,Flick,7,1.30,2.19,0.73,0.72
Thumb,Flick,8,0.75,2.19,1.30,0.72
Thumb,Flick,9,0.75,1.18,1.30,2.19
Thumb,Flick,10,0.51,1.18,0.75,2.19
Thumb,Flick,1,0.51,0.76,0.75,1.18
Thumb,Flick,2,0.43,0.76,0.51,1.18
Thumb,Flick,3,0.43,0.42,0.51,0.76
Thumb,Flick,4,1.02,0.42,0.43,0.76
Thumb,Flick,5,1.02,1.37,0.43,0.42
Thumb,Flick,6,0.66,1.37,1.02,0.42
Thumb,Flick,7,0.66,0.88,1.02,1.37
Thumb,Flick,8,0.37,0.88,0.66,1.37
Thumb,Flick,9,0.37,0.56,0.66,0.88
Thumb,Flick,10,0.34,0.56,0.37,0.88
Thumb,Flick,1,0.34,0.49,0.37,0.56
Thumb,Flick,2,0.52,0.49,0.34,0.56
Thumb,Flick,3,0.52,0.71,0.34,0.49
Thumb,Flick,4,0.46,0.71,0.52,0.49
Thumb,Flick,5,0.46,0.45,0.52,0.71
Thumb,Flick,6,1.37,0.45,0.46,0.71
Thumb,Flick,7,1.37,1.98,0.46,0.45
Thumb,Flick,8,0.66,1.98,1.37,0.45
Thumb,Flick,9,0.66,1.02,1.37,1.98
Thumb,Flick,10,0.45,1.02,0.66,1.98
Thumb,Flick,1,0.45,0.63,0.66,1.02
Thumb,Flick,2,0.33,0.63,0.45,1.02
Thumb,Flick,3,0.33,0.56,0.45,0.63
Thumb,Flick,4,0.31,0.56,0.33,0.63
Thumb,Flick,5,0.31,0.48,0.33,0.56
Thumb,Flick,6,0.78,0.48,0.31,0.56
Thumb,Flick,7,0.78,1.31,0.31,0.48
Thumb,Flick,8,0.56,1.31,0.78,0.48
Thumb,Flick,9,0.56,0.87,0.78,1.31
Thumb,Flick,10,0.42,0.87,0.56,1.31
Thumb,Flick,1,0.42,0.62,0.56,0.87
Thumb,Flick,2,0.44,0.62,0.42,0.87
Thumb,Flick,3,0.44,0.69,0.42,0.62
Thumb,Flick,4,0.78,0.69,0.44,0.62
Thumb,Flick,5,0.78,1.13,0.44,0.69
Thumb,Flick,6,1.12,1.13,0.78,0.69
Thumb,Flick,7,1.12,1.72,0.78,1.13
Thumb,Flick,8,0.87,1.72,1.12,1.13
Thumb,Flick,9,0.87,1.26,1.12,1.72
Thumb,Flick,10,1.50,1.26,0.87,1.72
Thumb,Flick,1,1.50,2.30,0.87,1.26
Thumb,Flick,2,0.85,2.30,1.50,1.26
Thumb,Flick,3,0.85,1.41,1.50,2.30
Thumb,Flick,4,0.89,1.41,0.85,2.30
Thumb,Flick,5,0.89,1.33,0.85,1.41
Thumb,Flick,6,0.65,1.33,0.89,1.41
Thumb,Flick,7,0.65,1.04,0.89,1.33
Thumb,Flick,8,0.50,1.04,0.65,1.33
Thumb,Flick,9,0.50,0.76,0.65,1.04
Thumb,Flick,10,0.49,0.76,0.50,1.04
Thumb,Flick,1,0.49,0.62,0.50,0.76
Thumb,Flick,2,0.48,0.62,0.49,0.76
Thumb,Flick,3,0.48,0.57,0.49,0.62
Thumb,Flick,4,0.45,0.57,0.48,0.62
Thumb,Flick,5,0.45,0.58,0.48,0.57
Thumb,Flick,6,0.31,0.58,0.45,0.57
Thumb,Flick,7,0.31,0.44,0.45,0.58
Thumb,Flick,8,0.43,0.41,0.31,0.44
Thumb,Flick,9,0.43,0.57,0.31,0.41
Thumb,Flick,10,0.60,0.57,0.43,0.41
Thumb,Flick,1,0.60,0.88,0.43,0.57
Thumb,Flick,2,0.88,0.88,0.60,0.57
Thumb,Flick,3,0.88,1.45,0.60,0.88
Thumb,Flick,4,0.68,1.45,0.88,0.88
Thumb,Flick,5,0.68,0.90,0.88,1.45
Thumb,Flick,6,0.75,0.90,0.68,1.45
Thumb,Flick,7,0.75,1.27,0.68,0.90
Thumb,Flick,8,2.08,1.27,0.75,0.90
Thumb,Flick,9,2.08,2.98,0.75,1.27
Thumb,Flick,10,1.78,2.98,2.08,1.27
Thumb,Flick,1,1.78,2.97,2.08,2.98
Thumb,Flick,2,1.49,2.97,1.78,2.98
Thumb,Flick,3,1.49,2.67,1.78,2.97
Thumb,Flick,4,1.32,2.67,1.49,2.97
Thumb,Flick,5,1.32,2.04,1.49,2.67
Thumb,Flick,6,1.07,2.04,1.32,2.67
Thumb,Flick,7,1.07,1.72,1.32,2.04
Thumb,Flick,8,0.82,1.72,1.07,2.04
Thumb,Flick,9,0.82,1.35,1.07,1.72
Thumb,Flick,10,0.86,1.35,0.82,1.72
Thumb,Flick,1,0.86,1.24,0.82,1.35
Thumb,Flick,2,0.75,1.24,0.86,1.35
Thumb,Flick,3,0.75,1.10,0.86,1.24
Thumb,Flick,4,0.77,1.10,0.75,1.24
Thumb,Flick,5,0.77,1.24,0.75,1.10
Thumb,Flick,6,1.05,1.24,0.77,1.10
Thumb,Flick,7,1.05,1.73,0.77,1.24
Thumb,Flick,8,1.24,1.73,1.05,1.24
Thumb,Flick,9,1.24,1.96,1.05,1.73
Thumb,Flick,10,1.09,1.96,1.24,1.73
Thumb,Flick,1,1.09,1.44,1.24,1.96
Thumb,Flick,2,0.96,1.44,1.09,1.96
Thumb,Flick,3,0.96,1.47,1.09,1.44
Thumb,Flick,4,1.15,1.47,0.96,1.44
Thumb,Flick,5,1.15,1.83,0.96,1.47
Thumb,Flick,6,0.92,1.83,1.15,1.47
Thumb,Flick,7,0.92,1.48,1.15,1.83
Thumb,Flick,8,1.48,1.48,0.92,1.83
Thumb,Flick,9,1.48,2.44,0.92,1.48
Thumb,Flick,10,1.17,2.44,1.48,1.48
Thumb,Flick,1,1.17,1.76,1.48,2.44
Thumb,Flick,2,0.87,1.76,1.17,2.44
Thumb,Flick,3,0.87,1.36,1.17,1.76
Thumb,Flick,4,0.59,1.36,0.87,1.76
Thumb,Flick,5,0.59,1.02,0.87,1.36
Thumb,Flick,6,0.75,1.02,0.59,1.36
Thumb,Flick,7,0.75,0.97,0.59,1.02
Thumb,Flick,8,0.64,0.97,0.75,1.02
Thumb,Flick,9,0.64,0.73,0.75,0.97
Thumb,Flick,10,0.62,0.73,0.64,0.97
Thumb,Flick,1,0.62,0.59,0.64,0.73
Thumb,Flick,2,0.65,0.59,0.62,0.73
Thumb,Flick,3,0.65,0.68,0.62,0.59
Thumb,Flick,4,0.76,0.68,0.65,0.59
Thumb,Flick,5,0.76,0.98,0.65,0.68
Thumb,Flick,6,0.61,0.98,0.76,0.68
Thumb,Flick,7,0.61,0.81,0.76,0.98
Thumb,Flick,8,0.59,0.81,0.61,0.98
Thumb,Flick,9,0.59,0.77,0.61,0.81
Thumb,Flick,10,0.64,0.77,0.59,0.81
Thumb,Flick,1,0.64,0.81,0.59,0.77
Thumb,Flick,2,1.01,0.81,0.64,0.77
Thumb,Flick,3,1.01,1.47,0.64,0.81
Thumb,Flick,4,1.35,1.47,1.01,0.81
Thumb,Flick,5,1.35,2.02,1.01,1.47
Thumb,Flick,6,1.17,2.02,1.35,1.47
Thumb,Flick,7,1.17,1.92,1.35,2.02
Thumb,Flick,8,1.02,1.92,1.17,2.02
Thumb,Flick,9,1.02,1.78,1.17,1.92
Thumb,Flick,10,1.37,1.78,1.02,1.92
Thumb,Flick,1,1.37,2.27,1.02,1.78
Thumb,Flick,2,1.73,2.27,1.37,1.78
Thumb,Flick,3,1.73,2.92,1.37,2.27
Thumb,Flick,4,1.47,2.92,1.73,2.27
Thumb,Flick,5,1.47,2.42,1.73,2.92
Thumb,Flick,6,1.31,2.42,1.47,2.92
Thumb,Flick,7,1.31,1.87,1.47,2.42
Thumb,Flick,8,1.10,1.87,1.31,2.42
Thumb,Flick,9,1.10,1.60,1.31,1.87
Thumb,Flick,10,0.99,1.60,1.10,1.87
Thumb,Flick,1,0.99,1.54,1.10,1.60
Thumb,Flick,2,0.87,1.54,0.99,1.60
Thumb,Flick,3,0.87,1.02,0.99,1.54
Thumb,Flick,4,0.83,1.02,0.87,1.54
Thumb,Flick,5,0.83,1.26,0.87,1.02
Thumb,Flick,6,0.87,1.26,0.83,1.02
Thumb,Flick,7,0.87,1.11,0.83,1.26
Thumb,Flick,8,0.93,1.11,0.87,1.26
Thumb,Flick,9,0.93,1.45,0.87,1.11
Thumb,Flick,10,1.78,1.45,0.93,1.11
Thumb,Flick,1,1.78,2.85,0.93,1.45
Thumb,Flick,2,1.50,2.85,1.78,1.45
Thumb,Flick,3,1.50,2.45,1.78,2.85
Thumb,Flick,4,1.66,2.45,1.50,2.85
Thumb,Flick,5,1.66,2.83,1.50,2.45
Thumb,Flick,6,1.39,2.83,1.66,2.45
Thumb,Flick,7,1.39,2.32,1.66,2.83
Thumb,Flick,8,1.28,2.32,1.39,2.83
Thumb,Flick,9,1.28,2.19,1.39,2.32
Thumb,Flick,10,1.09,2.19,1.28,2.32
Thumb,Flick,1,1.09,1.89,1.28,2.19
Thumb,Flick,2,0.91,1.89,1.09,2.19
Thumb,Flick,3,0.91,1.61,1.09,1.89
Thumb,Flick,4,0.65,1.61,0.91,1.89
Thumb,Flick,5,0.65,1.24,0.91,1.61
Thumb,Flick,6,0.45,1.24,0.65,1.61
Thumb,Flick,7,0.45,1.09,0.65,1.24
Thumb,Flick,8,0.32,1.09,0.45,1.24
Thumb,Flick,9,0.32,0.87,0.45,1.09
Thumb,Flick,10,0.27,0.87,0.32,1.09
Thumb,Flick,1,0.27,0.61,0.32,0.87
Thumb,Flick,2,0.30,0.61,0.27,0.87
Thumb,Flick,3,0.30,0.44,0.27,0.61
Thumb,Flick,4,0.27,0.44,0.30,0.61
Thumb,Flick,5,0.27,0.34,0.30,0.44
Thumb,Flick,6,0.23,0.34,0.27,0.44
Thumb,Flick,7,0.23,0.29,0.27,0.34
Thumb,Flick,8,0.25,0.29,0.23,0.34
Thumb,Flick,9,0.25,0.28,0.23,0.29
Thumb,Flick,10,0.28,0.28,0.25,0.29
Thumb,Flick,1,0.28,0.23,0.25,0.28
Thumb,Flick,2,0.24,0.23,0.28,0.28
Thumb,Flick,3,0.24,0.22,0.28,0.23
Thumb,Flick,4,0.29,0.22,0.24,0.23
Thumb,Flick,5,0.31,0.24,0.29,0.22
Thumb,Flick,6,0.31,0.26,0.29,0.24
Thumb,Flick,7,0.32,0.26,0.31,0.24
Thumb,Flick,8,0.32,0.23,0.31,0.26
Thumb,Flick,9,0.31,0.25,0.32,0.23
Thumb,Flick,10,0.31,0.26,0.32,0.25
Thumb,Flick,1,0.30,0.27,0.31,0.26
Thumb,Flick,2,0.31,0.32,0.30,0.27
Thumb,Flick,3,0.31,0.29,0.30,0.32
Thumb,Flick,4,0.31,0.29,0.31,0.32
Index,Up,1,0.23,0.15,0,0
Index,Up,2,0.22,0.15,0.23,0
Index,Up,3,0.21,0.16,0.22,0.15
Index,Up,4,0.22,0.16,0.21,0.15
Index,Up,5,0.22,0.15,0.21,0.16
Index,Up,6,0.23,0.15,0.22,0.16
Index,Up,7,0.23,0.17,0.22,0.15
Index,Up,8,0.22,0.19,0.23,0.18
Index,Up,9,0.22,0.20,0.23,0.19
Index,Up,10,0.21,0.20,0.22,0.19
Index,Up,1,0.21,0.21,0.22,0.20
Index,Up,2,0.23,0.21,0.21,0.20
Index,Up,3,0.23,0.22,0.21,0.21
Index,Up,4,0.25,0.22,0.23,0.21
Index,Up,5,0.26,0.23,0.25,0.22
Index,Up,6,0.31,0.23,0.26,0.22
Index,Up,7,0.31,0.26,0.26,0.23
Index,Up,8,0.47,0.26,0.31,0.23
Index,Up,9,0.47,0.25,0.31,0.26
Index,Up,10,0.45,0.25,0.47,0.26
Index,Up,1,0.45,0.22,0.47,0.25
Index,Up,2,0.44,0.22,0.45,0.25
Index,Up,3,0.53,0.23,0.44,0.22
Index,Up,4,0.51,0.23,0.53,0.31
Index,Up,5,0.51,0.27,0.53,0.23
Index,Up,6,0.71,0.27,0.51,0.23
Index,Up,7,0.71,0.45,0.51,0.27
Index,Up,8,0.44,0.45,0.71,0.27
Index,Up,9,0.44,0.25,0.71,0.45
Index,Up,10,0.36,0.25,0.44,0.45
Index,Up,1,0.36,0.33,0.44,0.25
Index,Up,2,0.27,0.33,0.36,0.25
Index,Up,3,0.27,0.29,0.36,0.33
Index,Up,4,0.34,0.29,0.27,0.33
Index,Up,5,0.34,0.44,0.27,0.29
Index,Up,6,0.30,0.44,0.34,0.29
Index,Up,7,0.30,0.40,0.34,0.44
Index,Up,8,0.38,0.40,0.30,0.44
Index,Up,9,0.38,0.41,0.30,0.40
Index,Up,10,0.43,0.41,0.38,0.40
Index,Up,1,0.43,0.31,0.38,0.41
Index,Up,2,0.50,0.31,0.43,0.41
Index,Up,3,0.50,0.40,0.43,0.31
Index,Up,4,0.42,0.40,0.50,0.31
Index,Up,5,0.42,0.55,0.50,0.40
Index,Up,6,0.31,0.55,0.42,0.40
Index,Up,7,0.31,0.30,0.42,0.55
Index,Up,8,0.24,0.30,0.31,0.55
Index,Up,9,0.24,0.35,0.31,0.30
Index,Up,10,0.29,0.35,0.24,0.30
Index,Up,1,0.29,0.33,0.24,0.35
Index,Up,2,0.34,0.33,0.29,0.35
Index,Up,3,0.34,0.29,0.29,0.33
Index,Up,4,0.38,0.29,0.34,0.33
Index,Up,5,0.38,0.24,0.34,0.29
Index,Up,6,0.50,0.24,0.38,0.29
Index,Up,7,0.50,0.27,0.38,0.24
Index,Up,8,0.47,0.27,0.50,0.24
Index,Up,9,0.47,0.29,0.50,0.27
Index,Up,10,0.40,0.29,0.47,0.27
Index,Up,1,0.40,0.26,0.47,0.29
Index,Up,2,0.39,0.26,0.40,0.29
Index,Up,3,0.39,0.29,0.40,0.26
Index,Up,4,1.38,0.29,0.39,0.26
Index,Up,5,1.38,0.72,0.39,0.29
Index,Up,6,1.46,0.72,1.38,0.29
Index,Up,7,1.46,0.86,1.38,0.72
Index,Up,8,1.86,0.86,1.46,0.72
Index,Up,9,1.86,0.92,1.46,0.86
Index,Up,10,1.36,0.92,1.86,0.86
Index,Up,1,1.36,0.71,1.86,0.92
Index,Up,2,0.60,0.71,1.36,0.92
Index,Up,3,0.60,0.32,1.36,0.71
Index,Up,4,0.63,0.32,0.60,0.71
Index,Up,5,0.63,0.19,0.60,0.32
Index,Up,6,0.50,0.19,0.63,0.32
Index,Up,7,0.34,0.18,0.50,0.19
Index,Up,8,0.22,0.18,0.34,0.19
Index,Up,9,0.22,0.17,0.34,0.18
Index,Up,10,0.19,0.17,0.22,0.18
Index,Up,1,0.18,0.17,0.19,0.16
Index,Up,2,0.18,0.20,0.19,0.17
Index,Up,3,0.17,0.20,0.18,0.17
Index,Up,4,0.17,0.17,0.18,0.20
Index,Up,5,0.18,0.17,0.17,0.20
Index,Up,6,0.18,0.19,0.17,0.17
Index,Up,7,0.20,0.19,0.18,0.17
Index,Up,8,0.20,0.21,0.18,0.19
Index,Up,9,0.21,0.21,0.20,0.19
Index,Up,10,0.21,0.20,0.20,0.21
Index,Up,1,0.26,0.19,0.27,0.20
Index,Up,2,0.29,0.24,0.26,0.22
Index,Up,3,0.28,0.24,0.29,0.22
Index,Up,4,0.28,0.25,0.29,0.24
Index,Up,5,0.30,0.25,0.28,0.24
Index,Up,6,0.32,0.23,0.28,0.25
Index,Up,7,0.31,0.23,0.32,0.25
Index,Up,8,0.31,0.25,0.32,0.23
Index,Up,9,0.23,0.25,0.31,0.23
Index,Up,10,0.23,0.21,0.31,0.25
Index,Up,1,0.25,0.21,0.23,0.25
Index,Up,2,0.25,0.36,0.23,0.21
Index,Up,3,0.24,0.36,0.25,0.21
Index,Up,4,0.24,0.43,0.25,0.36
Index,Up,5,0.40,0.40,0.24,0.43
Index,Up,6,0.40,0.48,0.24,0.40
Index,Up,7,0.37,0.48,0.40,0.40
Index,Up,8,0.37,0.41,0.40,0.48
Index,Up,9,0.31,0.41,0.37,0.48
Index,Up,10,0.31,0.43,0.37,0.41
Index,Up,1,0.48,0.42,0.31,0.43
Index,Up,2,0.48,0.40,0.31,0.42
Index,Up,3,0.67,0.40,0.48,0.42
Index,Up,4,0.67,0.74,0.48,0.40
Index,Up,5,0.47,0.74,0.67,0.40
Index,Up,6,0.47,0.78,0.67,0.74
Index,Up,7,0.44,0.78,0.47,0.74
Index,Up,8,0.44,0.77,0.47,0.78
Index,Up,9,0.43,0.77,0.44,0.78
Index,Up,10,0.43,0.68,0.44,0.77
Index,Up,1,0.42,0.68,0.43,0.77
Index,Up,2,0.42,0.72,0.43,0.68
Index,Up,3,0.31,0.72,0.42,0.68
Index,Up,4,0.31,0.64,0.42,0.72
Index,Up,5,0.43,0.64,0.31,0.72
Index,Up,6,0.43,0.66,0.31,0.64
Index,Up,7,0.51,0.66,0.43,0.64
Index,Up,8,0.51,0.62,0.43,0.66
Index,Up,9,0.45,0.62,0.51,0.66
Index,Up,10,0.45,0.44,0.51,0.62
Index,Up,1,0.43,0.44,0.45,0.62
Index,Up,2,0.43,0.46,0.45,0.44
Index,Up,3,0.39,0.46,0.43,0.44
Index,Up,4,0.39,0.42,0.43,0.46
Index,Up,5,0.41,0.42,0.39,0.46
Index,Up,6,0.41,0.39,0.39,0.42
Index,Up,7,0.43,0.39,0.41,0.42
Index,Up,8,0.43,0.51,0.41,0.39
Index,Up,9,0.35,0.51,0.43,0.39
Index,Up,10,0.35,0.70,0.43,0.51
Index,Up,1,0.46,0.70,0.35,0.51
Index,Up,2,0.46,0.78,0.35,0.70
Index,Up,3,0.69,0.78,0.46,0.70
Index,Up,4,0.69,0.85,0.46,0.78
Index,Up,5,0.64,0.85,0.69,0.78
Index,Up,6,0.64,0.68,0.69,0.85
Index,Up,7,0.56,0.68,0.64,0.85
Index,Up,8,0.56,0.47,0.64,0.68
Index,Up,9,0.51,0.47,0.56,0.68
Index,Up,10,0.51,0.45,0.56,0.47
Index,Up,1,0.48,0.45,0.51,0.47
Index,Up,2,0.48,0.33,0.51,0.45
Index,Up,3,0.45,0.33,0.48,0.45
Index,Up,4,0.45,0.28,0.48,0.33
Index,Up,5,0.42,0.28,0.45,0.33
Index,Up,6,0.37,0.23,0.42,0.28
Index,Up,7,0.35,0.23,0.37,0.28
Index,Up,8,0.35,0.21,0.37,0.23
Index,Up,9,0.30,0.21,0.35,0.23
Index,Up,10,0.30,0.22,0.35,0.21
Index,Up,1,0.26,0.22,0.30,0.21
Index,Up,2,0.26,0.25,0.30,0.22
Index,Up,3,0.23,0.25,0.26,0.22
Index,Up,4,0.26,0.26,0.23,0.25
Index,Up,5,0.29,0.26,0.26,0.25
Index,Up,6,0.29,0.36,0.26,0.26
Index,Up,7,0.30,0.36,0.29,0.26
Index,Up,8,0.30,0.29,0.29,0.36
Index,Up,9,0.41,0.29,0.30,0.36
Index,Up,10,0.41,0.34,0.30,0.29
Index,Up,1,0.51,0.34,0.41,0.29
Index,Up,2,0.51,0.37,0.41,0.34
Index,Up,3,0.50,0.33,0.51,0.37
Index,Up,4,0.50,0.34,0.51,0.33
Index,Up,5,0.46,0.34,0.50,0.33
Index,Up,6,0.46,0.38,0.50,0.34
Index,Up,7,0.43,0.38,0.46,0.34
Index,Up,8,0.43,0.53,0.46,0.38
Index,Up,9,0.39,0.53,0.43,0.38
Index,Up,10,0.39,0.50,0.43,0.53
Index,Up,1,0.61,0.50,0.39,0.53
Index,Up,2,0.61,0.51,0.39,0.50
Index,Up,3,0.98,0.51,0.61,0.50
Index,Up,4,0.98,0.66,0.61,0.51
Index,Up,5,0.71,0.66,0.98,0.51
Index,Up,6,0.71,0.62,0.98,0.66
Index,Up,7,0.72,0.62,0.71,0.66
Index,Up,8,0.72,0.63,0.71,0.62
Index,Up,9,1.21,0.63,0.72,0.62
Index,Up,10,1.21,0.74,0.72,0.63
Index,Up,1,3.02,0.74,1.21,0.63
Index,Up,2,3.02,1.01,1.21,0.74
Index,Up,3,2.91,0.86,3.02,1.01
Index,Up,4,2.91,0.65,3.02,0.86
Index,Up,5,1.72,0.65,2.91,0.86
Index,Up,6,1.72,0.66,2.91,0.65
Index,Up,7,1.20,0.66,1.72,0.65
Index,Up,8,1.20,0.47,1.72,0.66
Index,Up,9,1.42,0.47,1.20,0.66
Index,Up,10,1.42,0.44,1.20,0.47
Index,Up,1,3.02,0.44,1.42,0.47
Index,Up,2,3.02,1.33,1.42,0.44
Index,Up,3,2.83,1.80,3.02,1.33
Index,Up,4,2.83,1.40,3.02,1.80
Index,Up,5,1.22,1.40,2.83,1.80
Index,Up,6,1.22,0.60,2.83,1.40
Index,Up,7,0.62,0.60,1.22,1.40
Index,Up,8,0.62,0.44,1.22,0.60
Index,Up,9,0.69,0.44,0.62,0.60
Index,Up,10,0.69,0.53,0.62,0.44
Index,Up,1,0.46,0.53,0.69,0.44
Index,Up,2,0.46,0.46,0.69,0.53
Index,Up,3,1.37,0.46,0.46,0.53
Index,Up,4,1.37,0.81,0.46,0.46
Index,Up,5,2.43,0.81,1.37,0.46
Index,Up,6,2.43,1.32,1.37,0.81
Index,Up,7,2.42,1.32,2.43,0.81
Index,Up,8,2.42,1.24,2.43,1.32
Index,Up,9,1.99,1.24,2.42,1.32
Index,Up,10,1.99,1.14,2.42,1.24
Index,Up,1,1.49,1.14,1.99,1.24
Index,Up,2,1.49,0.94,1.99,1.14
Index,Up,3,0.66,0.94,1.49,1.14
Index,Up,4,0.66,0.60,1.49,0.94
Index,Up,5,0.65,0.60,0.66,0.94
Index,Up,6,0.65,0.57,0.66,0.60
Index,Up,7,1.54,0.57,0.65,0.60
Index,Up,8,1.54,0.47,0.65,0.57
Index,Up,9,1.96,0.47,1.54,0.57
Index,Up,10,1.96,0.43,1.54,0.47
Index,Up,1,1.65,0.43,1.96,0.47
Index,Up,2,1.65,0.35,1.96,0.43
Index,Up,3,1.29,0.35,1.65,0.43
Index,Up,4,1.29,0.31,1.65,0.35
Index,Up,5,0.88,0.31,1.29,0.35
Index,Up,6,0.88,0.27,1.29,0.31
Index,Up,7,0.83,0.27,0.88,0.31
Index,Up,8,0.83,0.45,0.88,0.27
Index,Up,9,0.99,0.45,0.83,0.27
Index,Up,10,0.99,0.56,0.83,0.45
Index,Up,1,1.53,0.56,0.99,0.45
Index,Up,2,1.53,0.66,0.99,0.56
Index,Up,3,2.57,0.66,1.53,0.56
Index,Up,4,2.57,1.03,1.53,0.66
Index,Up,5,3.02,1.03,2.57,0.66
Index,Up,6,3.02,1.65,2.57,1.03
Index,Up,7,2.82,1.65,3.02,1.03
Index,Up,8,2.82,1.44,3.02,1.65
Index,Up,9,2.68,1.44,2.82,1.65
Index,Up,10,2.68,1.25,2.82,1.44
Index,Up,1,2.22,1.25,2.68,1.44
Index,Up,2,2.22,1.01,2.68,1.25
Index,Up,3,1.47,1.01,2.22,1.25
Index,Up,4,1.47,0.89,2.22,1.01
Index,Up,5,0.71,0.89,1.47,1.01
Index,Up,6,0.71,0.60,1.47,0.89
Index,Up,7,0.67,0.60,0.71,0.89
Index,Up,8,0.67,0.58,0.71,0.60
Index,Up,9,1.35,0.58,0.67,0.60
Index,Up,10,1.35,0.64,0.67,0.58
Index,Up,1,1.73,0.64,1.35,0.58
Index,Up,2,1.73,0.65,1.35,0.64
Index,Up,3,1.57,0.65,1.73,0.64
Index,Up,4,1.57,0.44,1.73,0.65
Index,Up,5,1.23,0.44,1.57,0.65
Index,Up,6,1.23,0.38,1.57,0.44
Index,Up,7,1.01,0.38,1.23,0.44
Index,Up,8,1.01,0.33,1.23,0.38
Index,Up,9,1.40,0.33,1.01,0.38
Index,Up,10,1.40,0.89,1.01,0.33
Index,Up,1,1.65,0.89,1.40,0.33
Index,Up,2,1.65,0.90,1.40,0.89
Index,Up,3,1.86,0.90,1.65,0.89
Index,Up,4,1.86,0.84,1.65,0.90
Index,Up,5,2.53,0.84,1.86,0.90
Index,Up,6,2.53,1.17,1.86,0.84
Index,Up,7,2.07,1.17,2.53,0.84
Index,Up,8,2.07,0.90,2.53,1.17
Index,Up,9,1.77,0.90,2.07,1.17
Index,Up,10,1.77,0.96,2.07,0.90
Index,Up,1,2.29,0.96,1.77,0.90
Index,Up,2,2.29,1.19,1.77,0.96
Index,Up,3,2.19,1.19,2.29,0.96
Index,Up,4,2.19,1.26,2.29,1.19
Index,Up,5,3.03,1.26,2.19,1.19
Index,Up,6,3.03,1.61,2.19,1.26
Index,Up,7,3.02,1.61,3.03,1.26
Index,Up,8,3.02,1.77,3.03,1.61
Index,Up,9,1.66,1.71,3.02,1.77
Index,Up,10,1.66,1.01,3.02,1.71
Index,Up,1,0.87,1.01,1.66,1.71
Index,Up,2,0.87,0.72,1.66,1.01
Index,Up,3,0.50,0.72,0.87,1.01
Index,Up,4,0.50,0.56,0.87,0.72
Index,Up,5,0.36,0.56,0.50,0.72
Index,Up,6,0.36,0.44,0.50,0.56
Index,Up,7,1.63,0.44,0.36,0.56
Index,Up,8,1.63,0.90,0.36,0.44
Index,Up,9,2.62,0.90,1.63,0.44
Index,Up,10,2.62,1.25,1.63,0.90
Index,Up,1,3.02,1.25,2.62,0.90
Index,Up,2,3.02,1.52,2.62,1.25
Index,Up,3,1.88,1.77,3.02,2.17
Index,Up,4,1.88,1.09,3.02,1.77
Index,Up,5,0.81,1.09,1.88,1.77
Index,Up,6,0.81,0.64,1.88,1.09
Index,Up,7,0.74,0.64,0.81,1.09
Index,Up,8,0.74,0.70,0.81,0.64
Index,Up,9,1.87,0.70,0.74,0.64
Index,Up,10,1.87,0.65,0.74,0.70
Index,Up,1,2.28,0.65,1.87,0.70
Index,Up,2,2.28,0.52,1.87,0.65
Index,Up,3,1.81,0.52,2.28,0.65
Index,Up,4,1.81,0.43,2.28,0.52
Index,Up,5,1.30,0.43,1.81,0.52
Index,Up,6,1.30,0.38,1.81,0.43
Index,Up,7,0.81,0.38,1.30,0.43
Index,Up,8,0.81,0.45,1.30,0.38
Index,Up,9,0.86,0.45,0.81,0.38
Index,Up,10,0.86,0.46,0.81,0.45
Index,Up,1,1.08,0.46,0.86,0.45
Index,Up,2,1.27,0.28,1.08,0.46
Index,Up,3,1.21,0.28,1.27,0.46
Index,Up,4,1.21,0.32,1.27,0.28
Index,Up,5,1.10,0.32,1.21,0.28
Index,Up,6,1.10,0.34,1.21,0.32
Index,Up,7,1.00,0.34,1.10,0.32
Index,Up,8,1.00,0.32,1.10,0.34
Index,Up,9,0.88,0.32,1.00,0.34
Index,Up,10,0.88,0.35,1.00,0.32
Index,Up,1,0.77,0.35,0.88,0.32
Index,Up,2,0.77,0.26,0.88,0.35
Index,Up,3,0.68,0.26,0.77,0.35
Index,Up,4,0.68,0.28,0.77,0.26
Index,Up,5,0.72,0.28,0.68,0.26
Index,Up,6,0.72,0.33,0.68,0.28
Index,Up,7,0.71,0.33,0.72,0.28
Index,Up,8,0.67,0.34,0.71,0.33
Index,Up,9,0.64,0.43,0.67,0.34
Index,Up,10,0.64,0.51,0.67,0.43
Index,Up,1,0.58,0.51,0.64,0.43
Index,Up,2,0.58,0.50,0.64,0.51
Index,Up,3,0.59,0.50,0.58,0.51
Index,Up,4,0.59,0.48,0.58,0.50
Index,Up,5,0.64,0.48,0.59,0.50
Index,Up,6,0.66,0.43,0.64,0.48
Index,Up,7,0.65,0.43,0.66,0.48
Index,Up,8,0.65,0.48,0.66,0.43
Index,Up,9,0.71,0.48,0.65,0.43
Index,Up,10,0.71,0.54,0.65,0.48
Index,Up,1,0.72,0.54,0.71,0.48
Index,Up,2,0.72,0.53,0.71,0.54
Index,Up,3,0.45,0.53,0.72,0.54
Index,Up,4,0.45,0.36,0.72,0.53
Index,Up,5,0.34,0.36,0.45,0.53
Index,Up,6,0.34,0.37,0.45,0.36
Index,Up,7,0.40,0.37,0.34,0.36
Index,Up,8,0.40,0.40,0.34,0.37
Index,Up,9,0.38,0.38,0.40,0.40
Index,Up,10,0.38,0.33,0.40,0.38
Index,Up,1,0.41,0.33,0.38,0.38
Index,Up,2,0.49,0.29,0.41,0.33
Index,Up,3,0.50,0.29,0.49,0.33
Index,Up,4,0.50,0.25,0.49,0.29
Index,Up,5,0.84,0.26,0.50,0.25
Index,Up,6,0.84,0.65,0.50,0.26
Index,Up,7,0.43,0.65,0.84,0.26
Index,Up,8,0.43,0.31,0.84,0.65
Index,Up,9,0.33,0.31,0.43,0.65
Index,Up,10,0.33,0.30,0.43,0.31
Index,Up,1,0.23,0.30,0.33,0.31
Index,Up,2,0.23,0.31,0.33,0.30
Index,Up,3,0.20,0.31,0.23,0.30
Index,Up,4,0.20,0.24,0.23,0.31
Index,Up,5,0.23,0.24,0.20,0.31
Index,Up,6,0.23,0.25,0.20,0.24
Index,Up,7,0.28,0.25,0.23,0.24
Index,Up,8,0.26,0.22,0.28,0.25
Index,Up,9,0.33,0.22,0.26,0.25
Index,Up,10,0.33,0.21,0.26,0.22
Index,Up,1,0.35,0.21,0.33,0.22
Index,Up,2,0.35,0.20,0.33,0.21
Index,Up,3,0.46,0.20,0.35,0.21
Index,Up,4,0.46,0.24,0.35,0.20
Index,Up,5,0.80,0.24,0.46,0.20
Index,Up,6,0.80,0.29,0.46,0.24
Index,Up,7,0.51,0.29,0.80,0.24
Index,Up,8,0.51,0.23,0.80,0.29
Index,Up,9,0.37,0.23,0.51,0.29
Index,Up,10,0.37,0.20,0.51,0.23
Index,Up,1,0.31,0.20,0.37,0.23
Index,Up,2,0.31,0.21,0.37,0.20
Index,Up,3,0.30,0.21,0.31,0.20
Index,Up,4,0.30,0.23,0.31,0.21
Index,Up,5,0.34,0.23,0.30,0.21
Index,Up,6,0.34,0.24,0.30,0.23
Index,Up,7,0.36,0.24,0.34,0.23
Index,Up,8,0.36,0.25,0.34,0.24
Index,Up,9,0.30,0.25,0.36,0.24
Index,Up,10,0.30,0.22,0.36,0.25
Index,Up,1,0.33,0.22,0.30,0.25
Index,Up,2,0.28,0.20,0.33,0.22
Index,Up,3,0.25,0.20,0.28,0.22
Index,Up,4,0.25,0.19,0.28,0.20
Index,Up,5,0.23,0.22,0.25,0.19
Index,Up,6,0.26,0.22,0.23,0.19
Index,Up,7,0.26,0.19,0.23,0.22
Index,Up,8,0.27,0.19,0.26,0.22
Index,Up,9,0.27,0.21,0.26,0.19
Index,Up,10,0.26,0.21,0.27,0.19
Index,Up,1,0.26,0.22,0.27,0.21
Index,Up,2,0.24,0.22,0.26,0.21
Index,Up,3,0.24,0.21,0.26,0.22
Index,Up,4,0.26,0.20,0.24,0.19
Index,Up,5,0.25,0.21,0.26,0.20
Index,Up,6,0.23,0.21,0.25,0.20
Index,Up,7,0.23,0.22,0.25,0.21
Index,Up,8,0.26,0.22,0.23,0.21
Index,Up,9,0.26,0.18,0.23,0.22
Index,Up,10,0.27,0.18,0.26,0.22
Index,Up,1,0.27,0.21,0.26,0.18
Index,Up,2,0.80,0.21,0.27,0.18
Index,Up,3,0.80,0.47,0.27,0.21
Index,Up,4,2.10,0.47,0.80,0.21
Index,Up,5,2.10,0.99,0.80,0.47
Index,Up,6,2.31,0.99,2.10,0.47
Index,Up,7,2.31,1.28,2.10,0.99
Index,Up,8,2.65,1.28,2.31,0.99
Index,Up,9,2.65,1.33,2.31,1.28
Index,Up,10,3.01,1.33,2.65,1.28
Index,Up,1,3.01,1.55,2.65,1.33
Index,Up,2,3.02,1.55,3.01,1.33
Index,Up,3,3.02,1.50,3.01,1.55
Index,Up,4,2.69,1.57,3.02,1.50
Index,Up,5,2.69,1.38,3.02,1.57
Index,Up,6,3.01,1.38,2.69,1.57
Index,Up,7,3.01,1.54,2.69,1.38
Index,Up,8,2.28,1.54,3.01,1.38
Index,Up,9,2.28,1.23,3.01,1.54
Index,Up,10,2.17,1.23,2.28,1.54
Index,Up,1,2.17,1.16,2.28,1.23
Index,Up,2,1.71,1.16,2.17,1.23
Index,Up,3,1.71,0.90,2.17,1.16
Index,Up,4,1.86,0.90,1.71,1.16
Index,Up,5,1.86,0.91,1.71,0.90
Index,Up,6,1.73,0.91,1.86,0.90
Index,Up,7,1.73,1.00,1.86,0.91
Index,Up,8,0.70,1.00,1.73,0.91
Index,Up,9,0.70,0.48,1.73,1.00
Index,Up,10,0.75,0.48,0.70,1.00
Index,Up,1,0.75,0.35,0.70,0.48
Index,Up,2,0.77,0.35,0.75,0.48
Index,Up,3,0.77,0.31,0.75,0.35
Index,Up,4,1.50,0.31,0.77,0.35
Index,Up,5,1.50,0.69,0.77,0.31
Index,Up,6,2.20,0.69,1.50,0.31
Index,Up,7,2.20,1.16,1.50,0.69
Index,Up,8,2.32,1.16,2.20,0.69
Index,Up,9,2.32,1.39,2.20,1.16
Index,Up,10,2.67,1.39,2.32,1.16
Index,Up,1,2.67,1.49,2.32,1.39
Index,Up,2,2.31,1.49,2.67,1.39
Index,Up,3,2.31,1.38,2.67,1.49
Index,Up,4,0.95,1.38,2.31,1.49
Index,Up,5,0.95,0.60,2.31,1.38
Index,Up,6,0.72,0.60,0.95,1.38
Index,Up,7,0.72,0.40,0.95,0.60
Index,Up,8,0.68,0.40,0.72,0.60
Index,Up,9,0.68,0.38,0.72,0.40
Index,Up,10,0.94,0.38,0.68,0.40
Index,Up,1,0.94,0.51,0.68,0.38
Index,Up,2,2.73,0.51,0.94,0.38
Index,Up,3,2.73,1.33,0.94,0.51
Index,Up,4,3.02,1.33,2.73,0.51
Index,Up,5,3.02,1.81,2.73,1.33
Index,Up,6,3.03,1.81,3.02,1.33
Index,Up,7,3.03,1.72,3.02,1.81
Index,Up,8,3.02,1.72,3.03,1.81
Index,Up,9,3.02,1.96,3.03,1.72
Index,Up,10,2.29,1.96,3.02,1.72
Index,Up,1,2.29,1.25,3.02,1.96
Index,Up,2,1.03,1.25,2.29,1.96
Index,Up,3,1.03,0.53,2.29,1.25
Index,Up,4,0.57,0.53,1.03,1.25
Index,Up,5,0.57,0.44,1.03,0.53
Index,Up,6,0.86,0.44,0.57,0.53
Index,Up,7,0.86,0.52,0.57,0.44
Index,Up,8,2.61,0.52,0.86,0.44
Index,Up,9,2.61,1.47,0.86,0.52
Index,Up,10,3.02,1.47,2.61,0.52
Index,Up,1,3.02,1.81,2.61,1.47
Index,Up,2,2.55,1.75,3.02,1.81
Index,Up,3,2.55,1.33,3.02,1.75
Index,Up,4,1.35,1.33,2.55,1.75
Index,Up,5,1.35,0.47,2.55,1.33
Index,Up,6,0.68,0.47,1.35,1.33
Index,Up,7,0.68,0.31,1.35,0.47
Index,Up,8,0.86,0.31,0.68,0.47
Index,Up,9,0.86,0.50,0.68,0.31
Index,Up,10,0.52,0.50,0.86,0.31
Index,Up,1,0.52,0.33,0.86,0.50
Index,Up,2,2.95,0.33,0.52,0.50
Index,Up,3,2.95,1.49,0.52,0.33
Index,Up,4,2.64,1.49,2.95,0.33
Index,Up,5,2.64,1.41,2.95,1.49
Index,Up,6,2.48,1.41,2.64,1.49
Index,Up,7,2.48,1.36,2.64,1.41
Index,Up,8,2.73,1.36,2.48,1.41
Index,Up,9,2.73,1.52,2.48,1.36
Index,Up,10,1.52,1.52,2.73,1.36
Index,Up,1,1.52,0.83,2.73,1.52
Index,Up,2,0.81,0.83,1.52,1.52
Index,Up,3,0.81,0.51,1.52,0.83
Index,Up,4,0.48,0.51,0.81,0.83
Index,Up,5,0.48,0.45,0.81,0.51
Index,Up,6,0.81,0.45,0.48,0.51
Index,Up,7,0.81,0.54,0.48,0.45
Index,Up,8,2.35,0.54,0.81,0.45
Index,Up,9,2.35,1.34,0.81,0.54
Index,Up,10,2.29,1.34,2.35,0.54
Index,Up,1,2.29,1.24,2.35,1.34
Index,Up,2,2.74,1.24,2.29,1.34
Index,Up,3,2.74,1.55,2.29,1.24
Index,Up,4,3.02,1.55,2.74,1.24
Index,Up,5,3.02,2.03,2.74,1.55
Index,Up,6,2.36,2.03,3.02,1.55
Index,Up,7,2.36,1.35,3.02,2.03
Index,Up,8,1.50,1.35,2.36,2.03
Index,Up,9,1.50,0.85,2.36,1.35
Index,Up,10,0.81,0.85,1.50,1.35
Index,Up,1,0.81,0.50,1.50,0.85
Index,Up,2,0.72,0.50,0.81,0.85
Index,Up,3,0.72,0.34,0.81,0.50
Index,Up,4,1.11,0.34,0.72,0.50
Index,Up,5,1.11,0.58,0.72,0.34
Index,Up,6,2.34,0.58,1.11,0.34
Index,Up,7,2.34,1.15,1.11,0.58
Index,Up,8,2.94,1.15,2.34,0.58
Index,Up,9,2.94,1.65,2.34,1.15
Index,Up,10,2.41,1.65,2.94,1.15
Index,Up,1,2.41,1.26,2.94,1.65
Index,Up,2,2.69,1.26,2.41,1.65
Index,Up,3,2.69,1.50,2.41,1.26
Index,Up,4,1.44,1.50,2.69,1.26
Index,Up,5,1.44,0.83,2.69,1.50
Index,Up,6,0.72,0.83,1.44,1.50
Index,Up,7,0.72,0.43,1.44,0.83
Index,Up,8,0.60,0.43,0.72,0.83
Index,Up,9,0.60,0.36,0.72,0.43
Index,Up,10,1.75,0.36,0.60,0.43
Index,Up,1,1.75,0.73,0.60,0.36
Index,Up,2,2.50,0.73,1.75,0.36
Index,Up,3,2.50,1.30,1.75,0.73
Index,Up,4,2.07,1.30,2.50,0.73
Index,Up,5,2.07,1.03,2.50,1.30
Index,Up,6,2.28,1.03,2.07,1.30
Index,Up,7,2.28,1.39,2.07,1.03
Index,Up,8,1.89,1.39,2.28,1.03
Index,Up,9,1.89,1.09,2.28,1.39
Index,Up,10,1.03,1.09,1.89,1.39
Index,Up,1,1.03,0.54,1.89,1.09
Index,Up,2,0.54,0.54,1.03,1.09
Index,Up,3,0.54,0.31,1.03,0.54
Index,Up,4,0.38,0.31,0.54,0.54
Index,Up,5,0.38,0.28,0.54,0.31
Index,Up,6,1.12,0.28,0.38,0.31
Index,Up,7,1.12,0.64,0.38,0.28
Index,Up,8,1.59,0.64,1.12,0.28
Index,Up,9,1.59,0.92,1.12,0.64
Index,Up,10,1.70,0.92,1.59,0.64
Index,Up,1,1.70,1.01,1.59,0.92
Index,Up,2,1.72,1.01,1.70,0.92
Index,Up,3,1.72,1.09,1.70,1.01
Index,Up,4,2.57,1.09,1.72,1.01
Index,Up,5,2.57,1.37,1.72,1.09
Index,Up,6,2.44,1.37,2.57,1.09
Index,Up,7,2.44,1.57,2.57,1.37
Index,Up,8,1.88,1.57,2.44,1.37
Index,Up,9,1.88,1.09,2.44,1.57
Index,Up,10,0.99,1.09,1.88,1.57
Index,Up,1,0.99,0.59,1.88,1.09
Index,Up,2,0.55,0.59,0.99,1.09
Index,Up,3,0.55,0.39,0.99,0.59
Index,Up,4,0.68,0.39,0.55,0.59
Index,Up,5,0.68,0.43,0.55,0.39
Index,Up,6,1.57,0.43,0.68,0.39
Index,Up,7,1.57,0.97,0.68,0.43
Index,Up,8,2.34,0.97,1.57,0.43
Index,Up,9,2.34,1.28,1.57,0.97
Index,Up,10,2.58,1.28,2.34,0.97
Index,Up,1,2.58,1.40,2.34,1.28
Index,Up,2,3.02,1.40,2.58,1.28
Index,Up,3,3.02,1.81,2.58,1.40
Index,Up,4,2.80,1.81,3.02,1.40
Index,Up,5,2.80,1.53,3.02,1.81
Index,Up,6,2.42,1.53,2.80,1.81
Index,Up,7,2.42,1.45,2.80,1.53
Index,Up,8,1.06,1.45,2.42,1.53
Index,Up,9,1.06,0.65,2.42,1.45
Index,Up,10,0.88,0.65,1.06,1.45
Index,Up,1,0.88,0.42,1.06,0.65
Index,Up,2,0.74,0.42,0.88,0.65
Index,Up,3,1.87,1.07,0.74,0.42
Index,Up,4,2.58,1.07,1.87,0.42
Index,Up,5,2.58,1.42,1.87,1.07
Index,Up,6,2.82,1.42,2.58,1.07
Index,Up,7,2.82,1.43,2.58,1.42
Index,Up,8,2.63,1.43,2.82,1.42
Index,Up,9,2.63,1.35,2.82,1.43
Index,Up,10,2.40,1.35,2.63,1.43
Index,Up,1,2.40,1.38,2.63,1.35
Index,Up,2,1.33,1.38,2.40,1.35
Index,Up,3,1.33,0.73,2.40,1.38
Index,Up,4,0.74,0.73,1.33,1.38
Index,Up,5,0.74,0.36,1.33,0.73
Index,Up,6,0.55,0.36,0.74,0.73
Index,Up,7,0.55,0.43,0.74,0.36
Index,Up,8,1.40,0.43,0.55,0.36
Index,Up,9,1.40,0.70,0.55,0.43
Index,Up,10,2.22,0.70,1.40,0.43
Index,Up,1,2.22,1.25,1.40,0.70
Index,Up,2,2.46,1.25,2.22,0.70
Index,Up,3,2.46,1.44,2.22,1.25
Index,Up,4,2.69,1.44,2.46,1.25
Index,Up,5,2.69,1.50,2.46,1.44
Index,Up,6,2.04,1.50,2.69,1.44
Index,Up,7,2.04,1.34,2.69,1.50
Index,Up,8,1.79,1.34,2.04,1.50
Index,Up,9,1.79,1.09,2.04,1.34
Index,Up,10,1.01,1.09,1.79,1.34
Index,Up,1,1.01,0.48,1.79,1.09
Index,Up,2,0.59,0.48,1.01,1.09
Index,Up,3,0.59,0.44,1.01,0.48
Index,Up,4,0.69,0.44,0.59,0.48
Index,Up,5,0.69,0.40,0.59,0.44
Index,Up,6,1.09,0.40,0.69,0.44
Index,Up,7,1.09,0.53,0.69,0.40
Index,Up,8,2.61,0.53,1.09,0.40
Index,Up,9,2.61,1.48,1.09,0.53
Index,Up,10,3.02,1.48,2.61,0.53
Index,Up,1,3.02,1.93,2.61,1.48
Index,Up,2,2.29,1.69,3.02,1.93
Index,Up,3,2.29,1.23,3.02,1.69
Index,Up,4,1.42,1.23,2.29,1.69
Index,Up,5,1.42,0.71,2.29,1.23
Index,Up,6,0.80,0.71,1.42,1.23
Index,Up,7,0.80,0.47,1.42,0.71
Index,Up,8,0.64,0.47,0.80,0.71
Index,Up,9,0.64,0.57,0.80,0.47
Index,Up,10,2.03,0.57,0.64,0.47
Index,Up,1,2.03,1.34,0.64,0.57
Index,Up,2,3.02,1.34,2.03,0.57
Index,Up,3,3.02,1.94,2.03,1.34
Index,Up,4,3.03,1.71,3.02,2.20
Index,Up,5,3.03,2.06,3.02,1.71
Index,Up,6,2.33,2.06,3.03,1.71
Index,Up,7,2.33,1.48,3.03,2.06
Index,Up,8,1.22,1.48,2.33,2.06
Index,Up,9,1.22,0.65,2.33,1.48
Index,Up,10,0.82,0.65,1.22,1.48
Index,Up,1,0.82,0.41,1.22,0.65
Index,Up,2,1.09,0.41,0.82,0.65
Index,Up,3,1.09,0.50,0.82,0.41
Index,Up,4,0.56,0.50,1.09,0.41
Index,Up,5,0.56,0.47,1.09,0.50
Index,Up,6,0.64,0.47,0.56,0.50
Index,Up,7,0.64,0.41,0.56,0.47
Index,Up,8,1.49,0.41,0.64,0.47
Index,Up,9,1.49,0.80,0.64,0.41
Index,Up,10,2.54,0.80,1.49,0.41
Index,Up,1,2.54,1.32,1.49,0.80
Index,Up,2,2.03,1.32,2.54,0.80
Index,Up,3,2.03,1.28,2.54,1.32
Index,Up,4,1.68,1.28,2.03,1.32
Index,Up,5,1.68,1.00,2.03,1.28
Index,Up,6,1.52,1.00,1.68,1.28
Index,Up,7,1.52,1.01,1.68,1.00
Index,Up,8,1.06,1.01,1.52,1.00
Index,Up,9,1.06,0.75,1.52,1.01
Index,Up,10,0.46,0.75,1.06,1.01
Index,Up,1,0.46,0.42,1.06,0.75
Index,Up,2,0.45,0.42,0.46,0.75
Index,Up,3,0.45,0.35,0.46,0.42
Index,Up,4,1.18,0.35,0.45,0.42
Index,Up,5,1.18,0.56,0.45,0.35
Index,Up,6,2.11,0.56,1.18,0.35
Index,Up,7,2.11,1.00,1.18,0.56
Index,Up,8,1.53,1.00,2.11,0.56
Index,Up,9,1.53,0.91,2.11,1.00
Index,Up,10,1.00,0.91,1.53,1.00
Index,Up,1,1.00,0.75,1.53,0.91
Index,Up,2,0.50,0.75,1.00,0.91
Index,Up,3,0.50,0.41,1.00,0.75
Index,Up,4,0.42,0.41,0.50,0.75
Index,Up,5,0.42,0.38,0.50,0.41
Index,Up,6,0.40,0.38,0.42,0.41
Index,Up,7,0.40,0.31,0.42,0.38
Index,Up,8,0.47,0.31,0.40,0.38
Index,Up,9,0.47,0.28,0.40,0.31
Index,Up,10,0.69,0.28,0.47,0.31
Index,Up,1,0.69,0.26,0.47,0.28
Index,Up,2,1.27,0.26,0.69,0.28
Index,Up,3,1.27,0.30,0.69,0.26
Index,Up,4,1.38,0.30,1.27,0.26
Index,Up,5,1.38,0.44,1.27,0.30
Index,Up,6,1.62,0.44,1.38,0.30
Index,Up,7,1.62,0.55,1.38,0.44
Index,Up,8,1.77,0.55,1.62,0.44
Index,Up,9,1.77,0.78,1.62,0.55
Index,Up,10,1.72,0.78,1.77,0.55
Index,Up,1,2.10,1.02,1.72,0.78
Index,Up,2,1.50,1.02,2.10,0.78
Index,Up,3,1.50,0.85,2.10,1.02
Index,Up,4,0.67,0.85,1.50,1.02
Index,Up,5,0.67,0.50,1.50,0.85
Index,Up,6,0.54,0.50,0.67,0.85
Index,Up,7,0.54,0.30,0.67,0.50
Index,Up,8,0.82,0.30,0.54,0.50
Index,Up,9,0.82,0.26,0.54,0.30
Index,Up,10,1.05,0.26,0.82,0.30
Index,Up,1,1.05,0.54,0.82,0.26
Index,Up,2,1.10,0.54,1.05,0.26
Index,Up,3,1.10,0.68,1.05,0.54
Index,Up,4,1.22,0.68,1.10,0.54
Index,Up,5,1.61,0.82,1.22,0.68
Index,Up,6,1.75,0.82,1.61,0.68
Index,Up,7,1.75,0.92,1.61,0.82
Index,Up,8,2.28,0.92,1.75,0.82
Index,Up,9,2.28,1.11,1.75,0.92
Index,Up,10,2.14,1.11,2.28,0.92
Index,Up,1,1.45,0.85,2.14,1.11
Index,Up,2,0.91,0.85,1.45,1.11
Index,Up,3,0.91,0.68,1.45,0.85
Index,Up,4,0.71,0.68,0.91,0.85
Index,Up,5,0.71,0.34,0.91,0.68
Index,Up,6,0.84,0.34,0.71,0.68
Index,Up,7,0.84,0.35,0.71,0.34
Index,Up,8,0.68,0.35,0.84,0.34
Index,Up,9,0.68,0.38,0.84,0.35
Index,Up,10,0.47,0.38,0.68,0.35
Index,Up,1,0.47,0.29,0.68,0.38
Index,Up,2,0.29,0.29,0.47,0.38
Index,Up,3,0.29,0.22,0.47,0.29
Index,Up,4,0.23,0.22,0.29,0.29
Index,Up,5,0.23,0.21,0.29,0.22
Index,Up,6,0.44,0.21,0.23,0.22
Index,Up,7,0.44,0.33,0.23,0.21
Index,Up,8,1.93,0.33,0.44,0.21
Index,Up,9,1.93,1.05,0.44,0.33
Index,Up,10,2.29,1.05,1.93,0.33
Index,Up,1,2.29,1.18,1.93,1.05
Index,Up,2,2.14,1.18,2.29,1.05
Index,Up,3,2.14,1.06,2.29,1.18
Index,Up,4,2.35,1.06,2.14,1.18
Index,Up,5,2.35,1.13,2.14,1.06
Index,Up,6,2.19,1.13,2.35,1.06
Index,Up,7,2.19,1.12,2.35,1.13
Index,Up,8,1.65,1.12,2.19,1.13
Index,Up,9,1.65,0.87,2.19,1.12
Index,Up,10,1.20,0.87,1.65,1.12
Index,Up,1,1.20,0.52,1.65,0.87
Index,Up,2,0.72,0.52,1.20,0.87
Index,Up,3,0.72,0.30,1.20,0.52
Index,Up,4,0.84,0.30,0.72,0.52
Index,Up,5,0.84,0.35,0.72,0.30
Index,Up,6,1.05,0.35,0.84,0.30
Index,Up,7,1.05,0.82,0.84,0.35
Index,Up,8,2.95,0.82,1.05,0.35
Index,Up,9,2.95,1.54,1.05,0.82
Index,Up,10,2.72,1.54,2.95,0.82
Index,Up,1,2.72,1.29,2.95,1.54
Index,Up,2,2.62,1.29,2.72,1.54
Index,Up,3,2.62,1.30,2.72,1.29
Index,Up,4,2.51,1.30,2.62,1.29
Index,Up,5,2.51,1.33,2.62,1.30
Index,Up,6,2.70,1.33,2.51,1.30
Index,Up,7,2.70,1.41,2.51,1.33
Index,Up,8,1.36,1.41,2.70,1.33
Index,Up,9,1.36,0.80,2.70,1.41
Index,Up,10,0.74,0.80,1.36,1.41
Index,Up,1,0.74,0.37,1.36,0.80
Index,Up,2,1.16,0.37,0.74,0.80
Index,Up,3,1.16,0.43,0.74,0.37
Index,Up,4,1.07,0.43,1.16,0.37
Index,Up,5,1.59,0.70,1.07,0.43
Index,Up,6,2.35,0.70,1.59,0.43
Index,Up,7,2.35,1.17,1.59,0.70
Index,Up,8,3.03,1.17,2.35,0.70
Index,Up,9,3.03,1.52,2.35,1.17
Index,Up,10,2.71,1.52,3.03,1.17
Index,Up,1,2.71,1.33,3.03,1.52
Index,Up,2,2.33,1.33,2.71,1.52
Index,Up,3,2.33,1.22,2.71,1.33
Index,Up,4,3.02,1.22,2.33,1.33
Index,Up,5,3.02,1.52,2.33,1.22
Index,Up,6,2.03,1.52,3.02,1.22
Index,Up,7,2.03,1.05,3.02,1.52
Index,Up,8,0.82,1.05,2.03,1.52
Index,Up,9,0.82,0.57,2.03,1.05
Index,Up,10,1.18,0.57,0.82,1.05
Index,Up,1,1.18,0.38,0.82,0.57
Index,Up,2,1.21,0.38,1.18,0.57
Index,Up,3,1.21,0.45,1.18,0.38
Index,Up,4,1.36,0.45,1.21,0.38
Index,Up,5,1.36,0.72,1.21,0.45
Index,Up,6,1.72,0.72,1.36,0.45
Index,Up,7,1.72,0.86,1.36,0.72
Index,Up,8,2.00,0.86,1.72,0.72
Index,Up,9,2.00,0.97,1.72,0.86
Index,Up,10,3.02,0.97,2.00,0.86
Index,Up,1,3.02,1.42,2.00,0.97
Index,Up,2,2.95,1.67,3.02,1.64
Index,Up,3,2.95,1.46,3.02,1.67
Index,Up,4,2.80,1.46,2.95,1.67
Index,Up,5,2.80,1.37,2.95,1.46
Index,Up,6,3.03,1.45,2.80,1.37
Index,Up,7,3.03,1.83,2.80,1.45
Index,Up,8,3.02,1.83,3.03,1.45
Index,Up,9,3.02,2.21,3.03,1.83
Index,Up,10,1.69,1.75,3.02,2.21
Index,Up,1,1.69,1.07,3.02,1.75
Index,Up,2,1.27,1.07,1.69,1.75
Index,Up,3,1.27,0.50,1.69,1.07
Index,Up,4,1.75,0.50,1.27,1.07
Index,Up,5,1.75,0.58,1.27,0.50
Index,Up,6,1.67,0.58,1.75,0.50
Index,Up,7,1.67,0.43,1.75,0.58
Index,Up,8,1.59,0.43,1.67,0.58
Index,Up,9,1.59,0.72,1.67,0.43
Index,Up,10,2.18,0.72,1.59,0.43
Index,Up,1,2.18,0.88,1.59,0.72
Index,Up,2,2.36,0.88,2.18,0.72
Index,Up,3,2.36,1.09,2.18,0.88
Index,Up,4,2.96,1.09,2.36,0.88
Index,Up,5,2.96,1.36,2.36,1.09
Index,Up,6,3.02,1.36,2.96,1.09
Index,Up,7,3.02,1.56,2.96,1.36
Index,Up,8,2.96,1.56,3.02,1.36
Index,Up,9,2.96,1.48,3.02,1.56
Index,Up,10,3.02,1.48,2.96,1.56
Index,Up,1,3.02,1.40,2.96,1.48
Index,Up,2,2.94,1.73,3.02,1.69
Index,Up,3,2.94,1.52,3.02,1.73
Index,Up,4,3.02,1.52,2.94,1.73
Index,Up,5,3.02,1.91,2.94,1.52
Index,Up,6,2.12,1.91,3.02,1.52
Index,Up,7,2.12,1.26,3.02,1.91
Index,Up,8,1.36,1.26,2.12,1.91
Index,Up,9,1.36,0.73,2.12,1.26
Index,Up,10,1.35,0.73,1.36,1.26
Index,Up,1,1.21,0.37,1.35,0.73
Index,Up,2,1.73,0.37,1.21,0.73
Index,Up,3,1.73,0.35,1.21,0.37
Index,Up,4,1.58,0.35,1.73,0.37
Index,Up,5,1.58,0.33,1.73,0.35
Index,Up,6,1.91,0.33,1.58,0.35
Index,Up,7,1.91,0.72,1.58,0.33
Index,Up,8,1.74,0.72,1.91,0.33
Index,Up,9,1.74,0.94,1.91,0.72
Index,Up,10,2.40,0.94,1.74,0.72
Index,Up,1,2.40,1.15,1.74,0.94
Index,Up,2,1.81,1.15,2.40,0.94
Index,Up,3,1.81,0.99,2.40,1.15
Index,Up,4,1.70,0.99,1.81,1.15
Index,Up,5,1.70,0.90,1.81,0.99
Index,Up,6,1.62,0.90,1.70,0.99
Index,Up,7,2.70,1.44,1.62,0.90
Index,Up,8,2.01,1.44,2.70,0.90
Index,Up,9,2.01,1.09,2.70,1.44
Index,Up,10,2.05,1.09,2.01,1.44
Index,Up,1,2.05,1.19,2.01,1.09
Index,Up,2,1.71,1.19,2.05,1.09
Index,Up,3,1.71,1.05,2.05,1.19
Index,Up,4,1.65,1.05,1.71,1.19
Index,Up,5,1.65,1.03,1.71,1.05
Index,Up,6,1.06,1.03,1.65,1.05
Index,Up,7,1.06,0.69,1.65,1.03
Index,Up,8,0.69,0.69,1.06,1.03
Index,Up,9,0.69,0.45,1.06,0.69
Index,Up,10,1.29,0.45,0.69,0.69
Index,Up,1,1.29,0.32,0.69,0.45
Index,Up,2,1.26,0.32,1.29,0.45
Index,Up,3,1.26,0.39,1.29,0.32
Index,Up,4,1.09,0.39,1.26,0.32
Index,Up,5,1.09,0.45,1.26,0.39
Index,Up,6,2.10,0.45,1.09,0.39
Index,Up,7,2.10,0.98,1.09,0.45
Index,Up,8,2.84,0.98,2.10,0.45
Index,Up,9,2.84,1.50,2.10,0.98
Index,Up,10,2.41,1.50,2.84,0.98
Index,Up,1,2.41,1.22,2.84,1.50
Index,Up,2,3.02,1.22,2.41,1.50
Index,Up,3,3.02,1.44,2.41,1.22
Index,Up,4,2.79,1.44,3.02,1.22
Index,Up,5,2.79,1.40,3.02,1.44
Index,Up,6,3.02,1.40,2.79,1.44
Index,Up,7,3.02,1.48,2.79,1.40
Index,Up,8,2.92,1.54,3.02,1.48
Index,Up,9,2.92,1.45,3.02,1.54
Index,Up,10,2.04,1.45,2.92,1.54
Index,Up,1,2.04,1.08,2.92,1.45
Index,Up,2,1.56,1.08,2.04,1.45
Index,Up,3,1.56,0.91,2.04,1.08
Index,Up,4,0.74,0.91,1.56,1.08
Index,Up,5,0.74,0.39,1.56,0.91
Index,Up,6,1.17,0.39,0.74,0.91
Index,Up,7,1.17,0.51,0.74,0.39
Index,Up,8,1.21,0.51,1.17,0.39
Index,Up,9,1.21,0.43,1.17,0.51
Index,Up,10,1.03,0.43,1.21,0.51
Index,Up,1,1.03,0.40,1.21,0.43
Index,Up,2,0.89,0.40,1.03,0.43
Index,Up,3,0.89,0.43,1.03,0.40
Index,Up,4,1.21,0.43,0.89,0.40
Index,Up,5,1.21,0.50,0.89,0.43
Index,Up,6,1.92,0.50,1.21,0.43
Index,Up,7,1.92,0.89,1.21,0.50
Index,Up,8,1.99,0.89,1.92,0.50
Index,Up,9,1.99,1.01,1.92,0.89
Index,Up,10,1.93,1.01,1.99,0.89
Index,Up,1,1.93,0.91,1.99,1.01
Index,Up,2,2.17,0.91,1.93,1.01
Index,Up,3,2.17,1.21,1.93,0.91
Index,Up,4,2.01,1.21,2.17,0.91
Index,Up,5,2.01,1.12,2.17,1.21
Index,Up,6,2.29,1.12,2.01,1.21
Index,Up,7,2.29,1.29,2.01,1.12
Index,Up,8,1.96,1.29,2.29,1.12
Index,Up,9,1.96,1.14,2.29,1.29
Index,Up,10,2.19,1.14,1.96,1.29
Index,Up,1,2.19,1.15,1.96,1.14
Index,Up,2,2.58,1.15,2.19,1.14
Index,Up,3,2.58,1.40,2.19,1.15
Index,Up,4,2.44,1.40,2.58,1.15
Index,Up,5,2.44,1.28,2.58,1.40
Index,Up,6,3.02,1.28,2.44,1.40
Index,Up,7,3.02,1.54,2.44,1.28
Index,Up,8,2.48,1.54,3.02,1.28
Index,Up,9,2.48,1.27,3.02,1.54
Index,Up,10,3.02,1.27,2.48,1.54
Index,Up,1,3.02,1.69,2.48,1.27
Index,Up,2,2.95,1.69,3.02,1.27
Index,Up,3,2.95,1.71,3.02,1.69
Index,Up,4,3.03,1.71,2.95,1.69
Index,Up,5,3.03,1.93,2.95,1.71
Index,Up,6,2.49,1.93,3.03,1.71
Index,Up,7,2.49,1.50,3.03,1.93
Index,Up,8,1.94,1.50,2.49,1.93
Index,Up,9,1.94,1.18,2.49,1.50
Index,Up,10,1.92,1.18,1.94,1.50
Index,Up,1,1.92,1.10,1.94,1.18
Index,Up,2,1.72,1.10,1.92,1.18
Index,Up,3,1.72,0.91,1.92,1.10
Index,Up,4,2.44,0.91,1.72,1.10
Index,Up,5,2.44,1.30,1.72,0.91
Index,Up,6,2.02,1.30,2.44,0.91
Index,Up,7,2.02,1.11,2.44,1.30
Index,Up,8,2.36,1.11,2.02,1.30
Index,Up,9,2.36,1.16,2.02,1.11
Index,Up,10,1.92,1.16,2.36,1.11
Index,Up,1,1.92,0.98,2.36,1.16
Index,Up,2,1.81,0.98,1.92,1.16
Index,Up,3,1.81,1.09,1.92,0.98
Index,Up,4,2.40,1.09,1.81,0.98
Index,Up,5,2.40,1.27,1.81,1.09
Index,Up,6,3.02,1.27,2.40,1.09
Index,Up,7,3.02,1.88,2.40,1.27
Index,Up,8,2.90,1.80,3.02,2.06
Index,Up,9,2.90,1.68,3.02,1.80
Index,Up,10,2.72,1.68,2.90,1.80
Index,Up,1,2.72,1.26,2.90,1.68
Index,Up,2,2.65,1.26,2.72,1.68
Index,Up,3,2.65,1.25,2.72,1.26
Index,Up,4,2.42,1.25,2.65,1.26
Index,Up,5,2.42,1.28,2.65,1.25
Index,Up,6,1.76,1.28,2.42,1.25
Index,Up,7,1.76,1.07,2.42,1.28
Index,Up,8,2.31,1.07,1.76,1.28
Index,Up,9,2.31,1.35,1.76,1.07
Index,Up,10,2.41,1.35,2.31,1.07
Index,Up,1,2.41,1.32,2.31,1.35
Index,Up,2,2.73,1.32,2.41,1.35
Index,Up,3,2.73,1.59,2.41,1.32
Index,Up,4,2.23,1.59,2.73,1.32
Index,Up,5,2.23,1.40,2.73,1.59
Index,Up,6,2.34,1.40,2.23,1.59
Index,Up,7,2.34,1.37,2.23,1.40
Index,Up,8,1.91,1.37,2.34,1.40
Index,Up,9,1.91,1.14,2.34,1.37
Index,Up,10,1.19,1.14,1.91,1.37
Index,Up,1,1.19,0.68,1.91,1.14
Index,Up,2,2.54,0.68,1.19,1.14
Index,Up,3,2.54,1.45,1.19,0.68
Index,Up,4,3.02,1.45,2.54,0.68
Index,Up,5,3.02,1.96,2.54,1.45
Index,Up,6,2.24,1.96,3.02,1.45
Index,Up,7,2.24,1.46,3.02,1.96
Index,Up,8,0.83,1.46,2.24,1.96
Index,Up,9,0.83,0.59,2.24,1.46
Index,Up,10,0.87,0.59,0.83,1.46
Index,Up,1,0.87,0.43,0.83,0.59
Index,Up,2,1.00,0.43,0.87,0.59
Index,Up,3,1.00,0.33,0.87,0.43
Index,Up,4,0.73,0.33,1.00,0.43
Index,Up,5,0.73,0.40,1.00,0.33
Index,Up,6,0.44,0.40,0.73,0.33
Index,Up,7,0.44,0.36,0.73,0.40
Index,Up,8,0.27,0.36,0.44,0.40
Index,Up,9,0.27,0.34,0.44,0.36
Index,Up,10,0.25,0.26,0.27,0.34
Index,Up,1,0.25,0.25,0.27,0.26
Index,Up,2,0.32,0.25,0.25,0.26
Index,Up,3,0.32,0.33,0.25,0.25
Index,Up,4,0.39,0.33,0.32,0.25
Index,Up,5,0.39,0,0.32,0.33
Index,Down,1,0.99,0.42,0,0
Index,Down,2,1.00,0.42,0.99,0
Index,Down,3,1.00,0.39,0.99,0.42
Index,Down,4,0.87,0.39,1.00,0.42
Index,Down,5,0.87,0.64,1.00,0.39
Index,Down,6,1.05,0.64,0.87,0.39
Index,Down,7,2.12,0.50,1.05,0.64
Index,Down,8,2.54,0.50,2.12,0.64
Index,Down,9,2.54,0.46,2.12,0.50
Index,Down,10,2.31,0.46,2.54,0.50
Index,Down,1,2.31,0.52,2.54,0.46
Index,Down,2,1.59,0.52,2.31,0.46
Index,Down,3,1.59,0.54,2.31,0.52
Index,Down,4,1.16,0.54,1.59,0.52
Index,Down,5,1.16,0.69,1.59,0.54
Index,Down,6,2.25,0.69,1.16,0.54
Index,Down,7,2.25,0.63,1.16,0.69
Index,Down,8,2.65,0.63,2.25,0.69
Index,Down,9,2.65,0.62,2.25,0.63
Index,Down,10,2.13,0.62,2.65,0.63
Index,Down,1,2.13,0.47,2.65,0.62
Index,Down,2,1.41,0.47,2.13,0.62
Index,Down,3,1.41,0.43,2.13,0.47
Index,Down,4,0.94,0.43,1.41,0.47
Index,Down,5,0.94,0.41,1.41,0.43
Index,Down,6,0.63,0.41,0.94,0.43
Index,Down,7,0.63,0.42,0.94,0.41
Index,Down,8,0.45,0.42,0.63,0.41
Index,Down,9,0.45,0.46,0.63,0.42
Index,Down,10,0.39,0.46,0.45,0.42
Index,Down,1,0.39,0.43,0.45,0.46
Index,Down,2,0.69,0.43,0.39,0.46
Index,Down,3,0.69,0.52,0.39,0.43
Index,Down,4,0.96,0.52,0.69,0.43
Index,Down,5,0.96,0.60,0.69,0.52
Index,Down,6,0.76,0.60,0.96,0.52
Index,Down,7,0.76,0.47,0.96,0.60
Index,Down,8,0.97,0.47,0.76,0.60
Index,Down,9,0.97,0.57,0.76,0.47
Index,Down,10,1.05,0.57,0.97,0.47
Index,Down,1,1.05,0.49,0.97,0.57
Index,Down,2,1.82,0.49,1.05,0.57
Index,Down,3,1.82,0.83,1.05,0.49
Index,Down,4,1.75,0.83,1.82,0.49
Index,Down,5,1.75,0.85,1.82,0.83
Index,Down,6,1.16,0.85,1.75,0.83
Index,Down,7,1.16,0.73,1.75,0.85
Index,Down,8,0.82,0.73,1.16,0.85
Index,Down,9,0.82,0.50,1.16,0.73
Index,Down,10,0.70,0.50,0.82,0.73
Index,Down,1,0.70,0.95,0.82,0.50
Index,Down,2,2.12,0.95,0.70,0.50
Index,Down,3,2.12,0.69,0.70,0.95
Index,Down,4,2.21,0.69,2.12,0.95
Index,Down,5,2.21,0.67,2.12,0.69
Index,Down,6,1.65,0.67,2.21,0.69
Index,Down,7,1.65,0.56,2.21,0.67
Index,Down,8,1.11,0.56,1.65,0.67
Index,Down,9,1.11,0.44,1.65,0.56
Index,Down,10,0.75,0.44,1.11,0.56
Index,Down,1,0.58,0.57,0.75,0.44
Index,Down,2,1.54,0.57,0.58,0.44
Index,Down,3,1.54,0.89,0.58,0.57
Index,Down,4,1.23,0.89,1.54,0.57
Index,Down,5,1.23,0.65,1.54,0.89
Index,Down,6,1.08,0.65,1.23,0.89
Index,Down,7,1.08,0.90,1.23,0.65
Index,Down,8,1.27,0.90,1.08,0.65
Index,Down,9,1.27,0.81,1.08,0.90
Index,Down,10,1.58,0.81,1.27,0.90
Index,Down,1,1.58,0.73,1.27,0.81
Index,Down,2,1.35,0.73,1.58,0.81
Index,Down,3,1.35,0.61,1.58,0.73
Index,Down,4,1.85,0.61,1.35,0.73
Index,Down,5,1.85,0.86,1.35,0.61
Index,Down,6,1.40,0.86,1.85,0.61
Index,Down,7,1.40,0.72,1.85,0.86
Index,Down,8,1.15,0.72,1.40,0.86
Index,Down,9,1.15,0.48,1.40,0.72
Index,Down,10,1.52,0.48,1.15,0.72
Index,Down,1,1.52,0.58,1.15,0.48
Index,Down,2,1.29,0.58,1.52,0.48
Index,Down,3,1.29,0.56,1.52,0.58
Index,Down,4,1.77,0.56,1.29,0.58
Index,Down,5,1.77,0.55,1.29,0.56
Index,Down,6,2.14,0.55,1.77,0.56
Index,Down,7,2.14,0.66,1.77,0.55
Index,Down,8,1.87,0.66,2.14,0.55
Index,Down,9,1.87,0.80,2.14,0.66
Index,Down,10,1.49,0.80,1.87,0.66
Index,Down,1,1.49,0.75,1.87,0.80
Index,Down,2,1.50,0.75,1.49,0.80
Index,Down,3,1.50,0.80,1.49,0.75
Index,Down,4,1.32,0.80,1.50,0.75
Index,Down,5,1.32,1.10,1.50,0.80
Index,Down,6,1.37,1.10,1.32,0.80
Index,Down,7,1.37,0.65,1.32,1.10
Index,Down,8,1.65,0.65,1.37,1.10
Index,Down,9,1.65,0.66,1.37,0.65
Index,Down,10,1.57,0.66,1.65,0.65
Index,Down,1,1.57,0.89,1.65,0.66
Index,Down,2,1.65,0.89,1.57,0.66
Index,Down,3,1.65,0.68,1.57,0.89
Index,Down,4,2.18,0.68,1.65,0.89
Index,Down,5,2.18,0.73,1.65,0.68
Index,Down,6,1.84,0.73,2.18,0.68
Index,Down,7,1.84,0.53,2.18,0.73
Index,Down,8,1.40,0.53,1.84,0.73
Index,Down,9,1.40,0.50,1.84,0.53
Index,Down,10,1.61,0.50,1.40,0.53
Index,Down,1,1.61,0.84,1.40,0.50
Index,Down,2,1.67,0.84,1.61,0.50
Index,Down,3,1.67,0.98,1.61,0.84
Index,Down,4,1.59,0.98,1.67,0.84
Index,Down,5,1.59,0.60,1.67,0.98
Index,Down,6,1.68,0.60,1.59,0.98
Index,Down,7,1.68,0.62,1.59,0.60
Index,Down,8,1.26,0.62,1.68,0.60
Index,Down,9,1.26,0.69,1.68,0.62
Index,Down,10,1.54,0.69,1.26,0.62
Index,Down,1,1.54,0.88,1.26,0.69
Index,Down,2,1.53,0.88,1.54,0.69
Index,Down,3,1.53,0.71,1.54,0.88
Index,Down,4,1.42,0.71,1.53,0.88
Index,Down,5,1.42,0.67,1.53,0.71
Index,Down,6,1.16,0.67,1.42,0.71
Index,Down,7,1.16,0.72,1.42,0.67
Index,Down,8,1.06,0.72,1.16,0.67
Index,Down,9,1.06,0.65,1.16,0.72
Index,Down,10,0.99,0.65,1.06,0.72
Index,Down,1,0.99,0.63,1.06,0.65
Index,Down,2,1.23,0.63,0.99,0.65
Index,Down,3,1.23,0.72,0.99,0.63
Index,Down,4,2.01,0.72,1.23,0.63
Index,Down,5,2.01,0.66,1.23,0.72
Index,Down,6,2.09,0.66,2.01,0.72
Index,Down,7,2.09,0.52,2.01,0.66
Index,Down,8,1.96,0.52,2.09,0.66
Index,Down,9,1.96,0.43,2.09,0.52
Index,Down,10,1.86,0.43,1.96,0.52
Index,Down,1,1.86,0.45,1.96,0.43
Index,Down,2,1.61,0.45,1.86,0.43
Index,Down,3,1.61,0.58,1.86,0.45
Index,Down,4,1.54,0.58,1.61,0.45
Index,Down,5,2.47,0.71,1.54,0.58
Index,Down,6,2.23,0.71,2.47,0.58
Index,Down,7,2.23,0.57,2.47,0.71
Index,Down,8,1.79,0.57,2.23,0.71
Index,Down,9,1.79,0.84,2.23,0.57
Index,Down,10,1.58,0.84,1.79,0.57
Index,Down,1,1.58,0.56,1.79,0.84
Index,Down,2,1.65,0.56,1.58,0.84
Index,Down,3,1.65,1.01,1.58,0.56
Index,Down,4,1.25,1.01,1.65,0.56
Index,Down,5,1.25,0.66,1.65,1.01
Index,Down,6,1.53,0.66,1.25,1.01
Index,Down,7,1.53,0.58,1.25,0.66
Index,Down,8,1.63,0.58,1.53,0.66
Index,Down,9,1.63,0.75,1.53,0.58
Index,Down,10,1.24,0.75,1.63,0.58
Index,Down,1,1.24,0.67,1.63,0.75
Index,Down,2,1.47,0.67,1.24,0.75
Index,Down,3,1.47,0.63,1.24,0.67
Index,Down,4,1.45,0.63,1.47,0.67
Index,Down,5,1.45,0.66,1.47,0.63
Index,Down,6,1.82,0.66,1.45,0.63
Index,Down,7,1.82,0.70,1.45,0.66
Index,Down,8,1.83,0.70,1.82,0.66
Index,Down,9,1.83,0.69,1.82,0.70
Index,Down,10,1.97,0.69,1.83,0.70
Index,Down,1,1.97,0.53,1.83,0.69
Index,Down,2,2.10,0.53,1.97,0.69
Index,Down,3,2.08,0.42,2.10,0.53
Index,Down,4,2.07,0.42,2.08,0.53
Index,Down,5,2.07,0.47,2.08,0.42
Index,Down,6,1.89,0.47,2.07,0.42
Index,Down,7,1.89,0.63,2.07,0.47
Index,Down,8,1.56,0.63,1.89,0.47
Index,Down,9,1.56,0.80,1.89,0.63
Index,Down,10,1.29,0.80,1.56,0.63
Index,Down,1,1.29,0.57,1.56,0.80
Index,Down,2,1.57,0.57,1.29,0.80
Index,Down,3,1.57,0.44,1.29,0.57
Index,Down,4,1.84,0.44,1.57,0.57
Index,Down,5,1.84,0.42,1.57,0.44
Index,Down,6,1.24,0.42,1.84,0.44
Index,Down,7,1.24,0.51,1.84,0.42
Index,Down,8,1.09,0.51,1.24,0.42
Index,Down,9,1.09,0.63,1.24,0.51
Index,Down,10,1.06,0.63,1.09,0.51
Index,Down,1,1.06,0.45,1.09,0.63
Index,Down,2,1.09,0.45,1.06,0.63
Index,Down,3,1.09,0.40,1.06,0.45
Index,Down,4,0.91,0.40,1.09,0.45
Index,Down,5,0.91,0.55,1.09,0.40
Index,Down,6,0.82,0.55,0.91,0.40
Index,Down,7,0.82,0.50,0.91,0.55
Index,Down,8,1.26,0.50,0.82,0.55
Index,Down,9,1.26,0.44,0.82,0.50
Index,Down,10,2.11,0.44,1.26,0.50
Index,Down,1,2.11,0.45,1.26,0.44
Index,Down,2,2.40,0.45,2.11,0.44
Index,Down,3,2.40,0.42,2.11,0.45
Index,Down,4,1.96,0.42,2.40,0.45
Index,Down,5,1.96,0.46,2.40,0.42
Index,Down,6,1.00,0.46,1.96,0.42
Index,Down,7,1.00,0.48,1.96,0.46
Index,Down,8,0.86,0.48,1.00,0.46
Index,Down,9,0.97,0.40,0.86,0.48
Index,Down,10,1.16,0.40,0.97,0.48
Index,Down,1,1.16,0.39,0.97,0.40
Index,Down,2,1.21,0.39,1.16,0.40
Index,Down,3,1.18,0.61,1.21,0.39
Index,Down,4,1.01,0.61,1.18,0.39
Index,Down,5,1.01,0.79,1.18,0.61
Index,Down,6,1.83,0.79,1.01,0.61
Index,Down,7,1.83,0.57,1.01,0.79
Index,Down,8,2.40,0.57,1.83,0.79
Index,Down,9,2.40,0.41,1.83,0.57
Index,Down,10,2.22,0.41,2.40,0.57
Index,Down,1,1.36,0.43,2.22,0.41
Index,Down,2,1.05,0.43,1.36,0.41
Index,Down,3,1.05,0.37,1.36,0.43
Index,Down,4,1.17,0.37,1.05,0.43
Index,Down,5,1.17,0.34,1.05,0.37
Index,Down,6,1.33,0.34,1.17,0.37
Index,Down,7,1.33,0.31,1.17,0.34
Index,Down,8,1.38,0.31,1.33,0.34
Index,Down,9,1.38,0.23,1.33,0.31
Index,Down,10,1.21,0.23,1.38,0.31
Index,Down,1,1.21,0.22,1.38,0.23
Index,Down,2,0.79,0.22,1.21,0.23
Index,Down,3,0.79,0.36,1.21,0.22
Index,Down,4,0.64,0.36,0.79,0.22
Index,Down,5,0.64,0.53,0.79,0.36
Index,Down,6,1.65,0.53,0.64,0.36
Index,Down,7,1.65,0.57,0.64,0.53
Index,Down,8,2.50,0.57,1.65,0.53
Index,Down,9,2.50,0.60,1.65,0.57
Index,Down,10,2.49,0.60,2.50,0.57
Index,Down,1,2.49,0.43,2.50,0.60
Index,Down,2,1.89,0.43,2.49,0.60
Index,Down,3,1.89,0.37,2.49,0.43
Index,Down,4,1.00,0.37,1.89,0.43
Index,Down,5,0.76,0.43,1.00,0.37
Index,Down,6,0.71,0.43,0.76,0.37
Index,Down,7,0.71,0.41,0.76,0.43
Index,Down,8,0.61,0.41,0.71,0.43
Index,Down,9,0.61,0.27,0.71,0.41
Index,Down,10,0.69,0.27,0.61,0.41
Index,Down,1,0.69,0.26,0.61,0.27
Index,Down,2,0.67,0.26,0.69,0.27
Index,Down,3,0.67,0.27,0.69,0.26
Index,Down,4,0.61,0.27,0.67,0.26
Index,Down,5,0.61,0.53,0.67,0.27
Index,Down,6,1.12,0.53,0.61,0.27
Index,Down,7,1.12,0.68,0.61,0.53
Index,Down,8,1.73,0.68,1.12,0.53
Index,Down,9,1.73,0.60,1.12,0.68
Index,Down,10,2.02,0.60,1.73,0.68
Index,Down,1,2.02,0.49,1.73,0.60
Index,Down,2,2.00,0.49,2.02,0.60
Index,Down,3,2.00,0.41,2.02,0.49
Index,Down,4,1.91,0.41,2.00,0.49
Index,Down,5,1.91,0.32,2.00,0.41
Index,Down,6,1.79,0.32,1.91,0.41
Index,Down,7,1.79,0.37,1.91,0.32
Index,Down,8,1.59,0.37,1.79,0.32
Index,Down,9,1.59,0.34,1.79,0.37
Index,Down,10,1.40,0.34,1.59,0.37
Index,Down,1,1.19,0.33,1.40,0.34
Index,Down,2,0.99,0.33,1.19,0.34
Index,Down,3,0.99,0.40,1.19,0.33
Index,Down,4,0.98,0.40,0.99,0.33
Index,Down,5,0.98,0.71,0.99,0.40
Index,Down,6,2.30,0.70,0.98,0.71
Index,Down,7,2.30,0.65,0.98,0.70
Index,Down,8,2.20,0.65,2.30,0.70
Index,Down,9,2.20,0.50,2.30,0.65
Index,Down,10,1.55,0.50,2.20,0.65
Index,Down,1,1.55,0.42,2.20,0.50
Index,Down,2,1.08,0.42,1.55,0.50
Index,Down,3,1.08,0.44,1.55,0.42
Index,Down,4,0.87,0.44,1.08,0.42
Index,Down,5,0.87,0.43,1.08,0.44
Index,Down,6,0.67,0.43,0.87,0.44
Index,Down,7,0.67,0.44,0.87,0.43
Index,Down,8,0.54,0.44,0.67,0.43
Index,Down,9,0.54,0.41,0.67,0.44
Index,Down,10,0.79,0.41,0.54,0.44
Index,Down,1,0.79,0.68,0.54,0.41
Index,Down,2,1.51,0.68,0.79,0.41
Index,Down,3,1.51,0.77,0.79,0.68
Index,Down,4,1.49,0.77,1.51,0.68
Index,Down,5,1.49,0.58,1.51,0.77
Index,Down,6,1.43,0.58,1.49,0.77
Index,Down,7,1.43,0.40,1.49,0.58
Index,Down,8,1.15,0.40,1.43,0.58
Index,Down,9,1.15,0.47,1.43,0.40
Index,Down,10,1.50,0.47,1.15,0.40
Index,Down,1,1.50,0.57,1.15,0.47
Index,Down,2,2.47,0.57,1.50,0.47
Index,Down,3,2.47,0.67,1.50,0.57
Index,Down,4,2.14,0.67,2.47,0.57
Index,Down,5,2.14,0.47,2.47,0.67
Index,Down,6,1.59,0.47,2.14,0.67
Index,Down,7,1.59,0.29,2.14,0.47
Index,Down,8,1.10,0.29,1.59,0.47
Index,Down,9,1.10,0.73,1.59,0.29
Index,Down,10,0.82,0.73,1.10,0.29
Index,Down,1,0.82,0.65,1.10,0.73
Index,Down,2,1.34,0.65,0.82,0.73
Index,Down,3,1.34,0.56,0.82,0.65
Index,Down,4,1.81,0.56,1.34,0.65
Index,Down,5,1.81,0.53,1.34,0.56
Index,Down,6,1.70,0.53,1.81,0.56
Index,Down,7,1.70,0.43,1.81,0.53
Index,Down,8,1.44,0.43,1.70,0.53
Index,Down,9,1.44,0.60,1.70,0.43
Index,Down,10,1.40,0.60,1.44,0.43
Index,Down,1,1.40,0.53,1.44,0.60
Index,Down,2,1.90,0.53,1.40,0.60
Index,Down,3,1.90,0.45,1.40,0.53
Index,Down,4,1.68,0.45,1.90,0.53
Index,Down,5,1.68,0.33,1.90,0.45
Index,Down,6,1.30,0.33,1.68,0.45
Index,Down,7,1.30,0.28,1.68,0.33
Index,Down,8,1.04,0.28,1.30,0.33
Index,Down,9,1.04,0.61,1.30,0.28
Index,Down,10,0.88,0.61,1.04,0.28
Index,Down,1,0.88,0.60,1.04,0.61
Index,Down,2,1.45,0.60,0.88,0.61
Index,Down,3,1.45,0.48,0.88,0.60
Index,Down,4,1.73,0.48,1.45,0.60
Index,Down,5,1.73,0.36,1.45,0.48
Index,Down,6,1.61,0.36,1.73,0.48
Index,Down,7,1.61,0.35,1.73,0.36
Index,Down,8,1.34,0.35,1.61,0.36
Index,Down,9,1.34,0.52,1.61,0.35
Index,Down,10,1.20,0.52,1.34,0.35
Index,Down,1,1.20,0.40,1.34,0.52
Index,Down,2,0.95,0.40,1.20,0.52
Index,Down,3,0.95,0.53,1.20,0.40
Index,Down,4,1.97,0.53,0.95,0.40
Index,Down,5,1.97,0.70,0.95,0.53
Index,Down,6,3.03,0.70,1.97,0.53
Index,Down,7,3.03,0.96,1.97,0.70
Index,Down,8,2.45,0.96,3.03,0.70
Index,Down,9,2.45,0.76,3.03,0.96
Index,Down,10,1.65,0.76,2.45,0.96
Index,Down,1,1.65,0.56,2.45,0.76
Index,Down,2,1.13,0.56,1.65,0.76
Index,Down,3,1.13,0.54,1.65,0.56
Index,Down,4,0.91,0.54,1.13,0.56
Index,Down,5,0.91,0.72,1.13,0.54
Index,Down,6,1.24,0.72,0.91,0.54
Index,Down,7,1.24,0.53,0.91,0.72
Index,Down,8,1.35,0.53,1.24,0.72
Index,Down,9,1.35,0.58,1.24,0.53
Index,Down,10,1.02,0.58,1.35,0.53
Index,Down,1,1.02,0.51,1.35,0.58
Index,Down,2,1.29,0.51,1.02,0.58
Index,Down,3,1.29,0.55,1.02,0.51
Index,Down,4,1.18,0.55,1.29,0.51
Index,Down,5,1.18,0.47,1.29,0.55
Index,Down,6,0.88,0.47,1.18,0.55
Index,Down,7,0.88,0.38,1.18,0.47
Index,Down,8,0.74,0.38,0.88,0.47
Index,Down,9,0.74,0.39,0.88,0.38
Index,Down,10,0.67,0.39,0.74,0.38
Index,Down,1,0.67,0.45,0.74,0.39
Index,Down,2,0.82,0.45,0.67,0.39
Index,Down,3,0.82,0.50,0.67,0.45
Index,Down,4,1.14,0.50,0.82,0.45
Index,Down,5,1.14,0.46,0.82,0.50
Index,Down,6,1.41,0.46,1.14,0.50
Index,Down,7,1.41,0.38,1.14,0.46
Index,Down,8,1.47,0.38,1.41,0.46
Index,Down,9,1.47,0.52,1.41,0.38
Index,Down,10,1.03,0.52,1.47,0.38
Index,Down,1,1.03,0.40,1.47,0.52
Index,Down,2,1.26,0.40,1.03,0.52
Index,Down,3,1.26,0.35,1.03,0.40
Index,Down,4,1.38,0.35,1.26,0.40
Index,Down,5,1.38,0.43,1.26,0.35
Index,Down,6,1.41,0.33,1.38,0.43
Index,Down,7,1.41,0.24,1.38,0.33
Index,Down,8,1.34,0.24,1.41,0.33
Index,Down,9,1.34,0.27,1.41,0.24
Index,Down,10,1.04,0.27,1.34,0.24
Index,Down,1,1.04,0.56,1.34,0.27
Index,Down,2,0.77,0.56,1.04,0.27
Index,Down,3,0.77,0.61,1.04,0.56
Index,Down,4,1.60,0.61,0.77,0.56
Index,Down,5,1.60,0.56,0.77,0.61
Index,Down,6,1.82,0.56,1.60,0.61
Index,Down,7,1.82,0.45,1.60,0.56
Index,Down,8,1.71,0.45,1.82,0.56
Index,Down,9,1.71,0.50,1.82,0.45
Index,Down,10,1.67,0.50,1.71,0.45
Index,Down,1,1.67,0.48,1.71,0.50
Index,Down,2,1.24,0.48,1.67,0.50
Index,Down,3,1.24,0.39,1.67,0.48
Index,Down,4,0.91,0.39,1.24,0.48
Index,Down,5,0.91,0.43,1.24,0.39
Index,Down,6,1.60,0.43,0.91,0.39
Index,Down,7,2.12,0.37,1.60,0.43
Index,Down,8,2.01,0.37,2.12,0.43
Index,Down,9,2.01,0.31,2.12,0.37
Index,Down,10,1.92,0.31,2.01,0.37
Index,Down,1,1.92,0.24,2.01,0.31
Index,Down,2,1.72,0.24,1.92,0.31
Index,Down,3,1.72,0.99,1.92,0.24
Index,Down,4,1.23,0.99,1.72,0.24
Index,Down,5,1.23,0.80,1.72,0.99
Index,Down,6,1.66,0.80,1.23,0.99
Index,Down,7,1.66,0.64,1.23,0.80
Index,Down,8,1.71,0.64,1.66,0.80
Index,Down,9,1.71,0.47,1.66,0.64
Index,Down,10,1.57,0.47,1.71,0.64
Index,Down,1,1.57,0.54,1.71,0.47
Index,Down,2,1.31,0.54,1.57,0.47
Index,Down,3,1.31,0.51,1.57,0.54
Index,Down,4,1.54,0.51,1.31,0.54
Index,Down,5,1.54,0.38,1.31,0.51
Index,Down,6,1.39,0.38,1.54,0.51
Index,Down,7,1.39,0.41,1.54,0.38
Index,Down,8,1.25,0.41,1.39,0.38
Index,Down,9,1.25,0.40,1.39,0.41
Index,Down,10,1.10,0.40,1.25,0.41
Index,Down,1,1.10,0.51,1.25,0.40
Index,Down,2,1.23,0.51,1.10,0.40
Index,Down,3,1.23,0.73,1.10,0.51
Index,Down,4,1.28,0.73,1.23,0.51
Index,Down,5,1.28,0.74,1.23,0.73
Index,Down,6,1.74,0.74,1.28,0.73
Index,Down,7,1.74,0.56,1.28,0.74
Index,Down,8,1.81,0.56,1.74,0.74
Index,Down,9,1.81,0.43,1.74,0.56
Index,Down,10,1.66,0.43,1.81,0.56
Index,Down,1,1.66,0.45,1.81,0.43
Index,Down,2,1.21,0.45,1.66,0.43
Index,Down,3,1.21,0.58,1.66,0.45
Index,Down,4,1.98,0.58,1.21,0.45
Index,Down,5,1.98,0.61,1.21,0.58
Index,Down,6,2.00,0.61,1.98,0.58
Index,Down,7,2.00,0.53,1.98,0.61
Index,Down,8,1.65,0.53,2.00,0.61
Index,Down,9,1.65,0.39,2.00,0.53
Index,Down,10,1.18,0.39,1.65,0.53
Index,Down,1,1.18,0.36,1.65,0.39
Index,Down,2,0.87,0.36,1.18,0.39
Index,Down,3,0.87,0.46,1.18,0.36
Index,Down,4,1.02,0.46,0.87,0.36
Index,Down,5,1.02,0.72,0.87,0.46
Index,Down,6,1.84,0.72,1.02,0.46
Index,Down,7,1.84,0.58,1.02,0.72
Index,Down,8,2.00,0.58,1.84,0.72
Index,Down,9,2.00,0.38,1.84,0.58
Index,Down,10,1.74,0.38,2.00,0.58
Index,Down,1,1.74,0.39,2.00,0.38
Index,Down,2,1.30,0.39,1.74,0.38
Index,Down,3,1.30,0.54,1.74,0.39
Index,Down,4,1.13,0.44,1.30,0.54
Index,Down,5,1.13,0.51,1.30,0.44
Index,Down,6,0.91,0.51,1.13,0.44
Index,Down,7,0.91,0.43,1.13,0.51
Index,Down,8,1.02,0.43,0.91,0.51
Index,Down,9,1.02,0.33,0.91,0.43
Index,Down,10,0.94,0.33,1.02,0.43
Index,Down,1,0.94,0.31,1.02,0.33
Index,Down,2,0.84,0.31,0.94,0.33
Index,Down,3,0.84,0.25,0.94,0.31
Index,Down,4,0.64,0.25,0.84,0.31
Index,Down,5,0.64,0.20,0.84,0.25
Index,Down,6,0.65,0.20,0.64,0.25
Index,Down,7,0.65,0.52,0.64,0.20
Index,Down,8,0.97,0.52,0.65,0.20
Index,Down,9,0.97,0.54,0.65,0.52
Index,Down,10,1.74,0.54,0.97,0.52
Index,Down,1,1.74,0.38,0.97,0.54
Index,Down,2,1.92,0.38,1.74,0.54
Index,Down,3,1.92,0.37,1.74,0.38
Index,Down,4,1.82,0.37,1.92,0.38
Index,Down,5,1.82,0.38,1.92,0.37
Index,Down,6,1.62,0.38,1.82,0.37
Index,Down,7,1.43,0.35,1.62,0.38
Index,Down,8,1.27,0.35,1.43,0.38
Index,Down,9,1.27,0.34,1.43,0.35
Index,Down,10,1.03,0.34,1.27,0.35
Index,Down,1,1.03,0.39,1.27,0.34
Index,Down,2,0.93,0.39,1.03,0.34
Index,Down,3,0.93,0.54,1.03,0.39
Index,Down,4,2.20,0.54,0.93,0.39
Index,Down,5,2.20,0.61,0.93,0.54
Index,Down,6,1.96,0.61,2.20,0.54
Index,Down,7,1.96,0.45,2.20,0.61
Index,Down,8,1.38,0.45,1.96,0.61
Index,Down,9,1.38,0.36,1.96,0.45
Index,Down,10,0.93,0.36,1.38,0.45
Index,Down,1,0.93,0.47,1.38,0.36
Index,Down,2,1.24,0.47,0.93,0.36
Index,Down,3,1.24,0.73,0.93,0.47
Index,Down,4,1.38,0.73,1.24,0.47
Index,Down,5,1.38,0.71,1.24,0.73
Index,Down,6,1.28,0.71,1.38,0.73
Index,Down,7,1.28,0.46,1.38,0.71
Index,Down,8,1.04,0.46,1.28,0.71
Index,Down,9,1.04,0.63,1.28,0.46
Index,Down,10,1.07,0.63,1.04,0.46
Index,Down,1,1.07,0.88,1.04,0.63
Index,Down,2,1.75,0.88,1.07,0.63
Index,Down,3,1.75,0.64,1.07,0.88
Index,Down,4,1.80,0.64,1.75,0.88
Index,Down,5,1.80,0.79,1.75,0.64
Index,Down,6,1.60,0.79,1.80,0.64
Index,Down,7,1.60,0.61,1.80,0.79
Index,Down,8,1.38,0.61,1.60,0.79
Index,Down,9,1.38,0.56,1.60,0.61
Index,Down,10,1.22,0.56,1.38,0.61
Index,Down,1,1.22,0.49,1.38,0.56
Index,Down,2,1.20,0.49,1.22,0.56
Index,Down,3,1.20,0.44,1.22,0.49
Index,Down,4,0.82,0.44,1.20,0.49
Index,Down,5,0.82,0.58,1.20,0.44
Index,Down,6,0.94,0.58,0.82,0.44
Index,Down,7,0.94,0.51,0.82,0.58
Index,Down,8,1.68,0.51,0.94,0.58
Index,Down,9,1.68,0.65,0.94,0.51
Index,Down,10,1.81,0.65,1.68,0.51
Index,Down,1,1.81,0.43,1.68,0.65
Index,Down,2,1.54,0.43,1.81,0.65
Index,Down,3,1.54,0.35,1.81,0.43
Index,Down,4,1.39,0.35,1.54,0.43
Index,Down,5,1.39,0.36,1.54,0.35
Index,Down,6,1.15,0.36,1.39,0.35
Index,Down,7,1.15,0.37,1.39,0.36
Index,Down,8,0.87,0.37,1.15,0.36
Index,Down,9,0.87,0.45,1.15,0.37
Index,Down,10,0.68,0.45,0.87,0.37
Index,Down,1,0.68,0.44,0.87,0.45
Index,Down,2,0.51,0.44,0.68,0.45
Index,Down,3,0.51,0.49,0.68,0.44
Index,Down,4,0.49,0.49,0.51,0.44
Index,Down,5,0.49,0.51,0.51,0.49
Index,Down,6,0.85,0.51,0.49,0.49
Index,Down,7,0.85,0.69,0.49,0.51
Index,Down,8,1.71,0.69,0.85,0.51
Index,Down,9,1.71,0.71,0.85,0.69
Index,Down,10,1.97,0.71,1.71,0.69
Index,Down,1,1.97,0.45,1.71,0.71
Index,Down,2,1.99,0.45,1.97,0.71
Index,Down,3,1.99,0.40,1.97,0.45
Index,Down,4,1.77,0.40,1.99,0.45
Index,Down,5,1.77,0.75,1.99,0.40
Index,Down,6,1.07,0.75,1.77,0.40
Index,Down,7,1.07,0.60,1.77,0.75
Index,Down,8,1.70,0.60,1.07,0.75
Index,Down,9,1.70,0.51,1.07,0.60
Index,Down,10,2.17,0.51,1.70,0.60
Index,Down,1,2.17,0.52,1.70,0.51
Index,Down,2,1.84,0.52,2.17,0.51
Index,Down,3,1.84,0.43,2.17,0.52
Index,Down,4,1.12,0.43,1.84,0.52
Index,Down,5,1.12,0.46,1.84,0.43
Index,Down,6,0.97,0.46,1.12,0.43
Index,Down,7,0.97,0.82,1.12,0.46
Index,Down,8,1.46,0.82,0.97,0.46
Index,Down,9,1.46,1.19,0.97,0.82
Index,Down,10,1.62,1.19,1.46,0.82
Index,Down,1,1.62,0.97,1.46,1.19
Index,Down,2,1.59,0.97,1.62,1.19
Index,Down,3,1.59,0.70,1.62,0.97
Index,Down,4,1.68,0.70,1.59,0.97
Index,Down,5,1.68,0.43,1.59,0.70
Index,Down,6,1.57,0.43,1.68,0.70
Index,Down,7,1.57,0.35,1.68,0.43
Index,Down,8,1.33,0.35,1.57,0.43
Index,Down,9,1.33,0.54,1.57,0.35
Index,Down,10,0.94,0.54,1.33,0.35
Index,Down,1,0.94,0.56,1.33,0.54
Index,Down,2,1.63,0.56,0.94,0.54
Index,Down,3,1.63,0.46,0.94,0.56
Index,Down,4,2.00,0.46,1.63,0.56
Index,Down,5,2.00,0.32,1.63,0.46
Index,Down,6,1.88,0.32,2.00,0.46
Index,Down,7,1.88,0.31,2.00,0.32
Index,Down,8,1.56,0.31,1.88,0.32
Index,Down,9,1.56,0.27,1.88,0.31
Index,Down,10,1.28,0.27,1.56,0.31
Index,Down,1,1.28,0.26,1.56,0.27
Index,Down,2,1.06,0.26,1.28,0.27
Index,Down,3,1.06,0.24,1.28,0.26
Index,Down,4,0.94,0.24,1.06,0.26
Index,Down,5,0.94,0.42,1.06,0.24
Index,Down,6,1.55,0.42,0.94,0.24
Index,Down,7,1.55,0.68,0.94,0.42
Index,Down,8,2.35,0.68,1.55,0.42
Index,Down,9,2.35,0.91,1.55,0.68
Index,Down,10,1.88,0.91,2.35,0.68
Index,Down,1,1.88,0.57,2.35,0.91
Index,Down,2,1.31,0.57,1.88,0.91
Index,Down,3,1.31,0.30,1.88,0.57
Index,Down,4,0.81,0.30,1.31,0.57
Index,Down,5,0.81,0.23,1.31,0.30
Index,Down,6,0.49,0.23,0.81,0.30
Index,Down,7,0.49,0.26,0.81,0.23
Index,Down,8,0.69,0.26,0.49,0.23
Index,Down,9,0.69,0.47,0.49,0.26
Index,Down,10,1.27,0.47,0.69,0.26
Index,Down,1,1.27,0.44,0.69,0.47
Index,Down,2,1.68,0.44,1.27,0.47
Index,Down,3,1.68,0.48,1.27,0.44
Index,Down,4,1.58,0.48,1.68,0.44
Index,Down,5,1.58,0.49,1.68,0.48
Index,Down,6,1.23,0.49,1.58,0.48
Index,Down,7,1.23,0.50,1.58,0.49
Index,Down,8,0.96,0.50,1.23,0.49
Index,Down,9,0.96,0.45,1.23,0.50
Index,Down,10,1.14,0.45,0.96,0.50
Index,Down,1,1.14,0.57,0.96,0.45
Index,Down,2,1.06,0.57,1.14,0.45
Index,Down,3,1.06,0.49,1.14,0.57
Index,Down,4,0.99,0.49,1.06,0.57
Index,Down,5,0.99,0.48,1.06,0.49
Index,Down,6,0.81,0.48,0.99,0.49
Index,Down,7,0.81,0.47,0.99,0.48
Index,Down,8,0.76,0.47,0.81,0.48
Index,Down,9,0.76,0.48,0.81,0.47
Index,Down,10,0.80,0.48,0.76,0.47
Index,Down,1,0.80,0.39,0.76,0.48
Index,Down,2,1.01,0.39,0.80,0.48
Index,Down,3,1.01,0.28,0.80,0.39
Index,Down,4,1.11,0.28,1.01,0.39
Index,Down,5,1.11,0.56,1.01,0.28
Index,Down,6,1.20,0.56,1.11,0.28
Index,Down,7,1.20,0.82,1.11,0.56
Index,Down,8,1.33,0.82,1.20,0.56
Index,Down,9,1.33,0.57,1.20,0.82
Index,Down,10,1.84,0.57,1.33,0.82
Index,Down,1,1.84,0.63,1.33,0.57
Index,Down,2,1.67,0.63,1.84,0.57
Index,Down,3,1.67,0.56,1.84,0.63
Index,Down,4,1.29,0.56,1.67,0.63
Index,Down,5,1.29,0.58,1.67,0.56
Index,Down,6,1.70,0.58,1.29,0.56
Index,Down,7,1.70,0.59,1.29,0.58
Index,Down,8,2.09,0.59,1.70,0.58
Index,Down,9,2.09,0.54,1.70,0.59
Index,Down,10,1.55,0.54,2.09,0.59
Index,Down,1,1.55,0.51,2.09,0.54
Index,Down,2,1.16,0.51,1.55,0.54
Index,Down,3,1.16,0.48,1.55,0.51
Index,Down,4,0.97,0.48,1.16,0.51
Index,Down,5,0.97,0.63,1.16,0.48
Index,Down,6,1.17,0.63,0.97,0.48
Index,Down,7,1.17,0.57,0.97,0.63
Index,Down,8,1.69,0.57,1.17,0.63
Index,Down,9,1.69,0.41,1.17,0.57
Index,Down,10,1.62,0.41,1.69,0.57
Index,Down,1,1.62,0.36,1.69,0.41
Index,Down,2,1.49,0.36,1.62,0.41
Index,Down,3,1.49,0.44,1.62,0.36
Index,Down,4,1.45,0.44,1.49,0.36
Index,Down,5,1.45,0.62,1.49,0.44
Index,Down,6,2.38,0.62,1.45,0.44
Index,Down,7,2.38,0.72,1.45,0.62
Index,Down,8,1.85,0.72,2.38,0.62
Index,Down,9,1.85,0.53,2.38,0.72
Index,Down,10,1.39,0.53,1.85,0.72
Index,Down,1,1.39,0.51,1.85,0.53
Index,Down,2,1.12,0.51,1.39,0.53
Index,Down,3,1.12,0.52,1.39,0.51
Index,Down,4,0.89,0.52,1.12,0.51
Index,Down,5,0.89,0.53,1.12,0.52
Index,Down,6,1.26,0.53,0.89,0.52
Index,Down,7,1.26,0.75,0.89,0.53
Index,Down,8,1.30,0.75,1.26,0.53
Index,Down,9,1.30,0.62,1.26,0.75
Index,Down,10,1.80,0.62,1.30,0.75
Index,Down,1,1.80,0.55,1.30,0.62
Index,Down,2,1.67,0.55,1.80,0.62
Index,Down,3,1.67,0.43,1.80,0.55
Index,Down,4,1.02,0.43,1.67,0.55
Index,Down,5,1.02,0.60,1.67,0.43
Index,Down,6,1.42,0.60,1.02,0.43
Index,Down,7,1.42,0.65,1.02,0.60
Index,Down,8,0.99,0.65,1.42,0.60
Index,Down,9,0.99,0.57,1.42,0.65
Index,Down,10,0.69,0.57,0.99,0.65
Index,Down,1,0.69,0.51,0.99,0.57
Index,Down,2,0.45,0.51,0.69,0.57
Index,Down,3,0.45,0.47,0.69,0.51
Index,Down,4,0.95,0.47,0.45,0.51
Index,Down,5,0.95,0.84,0.45,0.47
Index,Down,6,1.33,0.84,0.95,0.47
Index,Down,7,1.33,0.58,0.95,0.84
Index,Down,8,1.45,0.58,1.33,0.84
Index,Down,9,1.45,0.49,1.33,0.58
Index,Down,10,1.75,0.49,1.45,0.58
Index,Down,1,1.75,0.73,1.45,0.49
Index,Down,2,1.48,0.73,1.75,0.49
Index,Down,3,1.48,0.61,1.75,0.73
Index,Down,4,0.93,0.61,1.48,0.73
Index,Down,5,0.93,0.70,1.48,0.61
Index,Down,6,1.33,0.70,0.93,0.61
Index,Down,7,1.33,0.65,0.93,0.70
Index,Down,8,1.62,0.65,1.33,0.70
Index,Down,9,1.62,0.59,1.33,0.65
Index,Down,10,1.58,0.59,1.62,0.65
Index,Down,1,1.58,0.63,1.62,0.59
Index,Down,2,1.56,0.63,1.58,0.59
Index,Down,3,1.56,0.80,1.58,0.63
Index,Down,4,1.37,0.80,1.56,0.63
Index,Down,5,1.37,0.61,1.56,0.80
Index,Down,6,1.14,0.61,1.37,0.80
Index,Down,7,1.20,0.58,1.14,0.61
Index,Down,8,1.33,0.58,1.20,0.61
Index,Down,9,1.33,0.65,1.20,0.58
Index,Down,10,1.45,0.65,1.33,0.58
Index,Down,1,1.45,0.90,1.33,0.65
Index,Down,2,1.61,0.90,1.45,0.65
Index,Down,3,1.61,0.81,1.45,0.90
Index,Down,4,1.65,0.81,1.61,0.90
Index,Down,5,1.65,0.67,1.61,0.81
Index,Down,6,1.63,0.67,1.65,0.81
Index,Down,7,1.63,0.61,1.65,0.67
Index,Down,8,1.57,0.61,1.63,0.67
Index,Down,9,1.57,0.44,1.63,0.61
Index,Down,10,1.35,0.44,1.57,0.61
Index,Down,1,1.35,0.86,1.57,0.44
Index,Down,2,0.85,0.86,1.35,0.44
Index,Down,3,0.85,0.77,1.35,0.86
Index,Down,4,1.85,0.77,0.85,0.86
Index,Down,5,1.85,0.50,0.85,0.77
Index,Down,6,2.16,0.50,1.85,0.77
Index,Down,7,2.16,0.41,1.85,0.50
Index,Down,10,1.77,0.33,2.00,0.41
Index,Down,1,1.77,0.30,2.00,0.33
Index,Down,2,1.59,0.30,1.77,0.33
Index,Down,3,1.47,0.38,1.59,0.30
Index,Down,4,1.30,0.38,1.47,0.30
Index,Down,5,1.30,0.45,1.47,0.38
Index,Down,6,1.1,0.45,1.30,0.38
Thumb,Up,1,3.01,3.20,,0
Thumb,Up,2,3.01,3.20,3.02,3.19
Thumb,Up,3,3.02,3.20,3.01,3.19
Thumb,Up,4,3.01,3.19,3.02,3.20
Index,Up,1,3.21,0.12,0,0
Index,Up,2,3.18,0.12,3.21,0
Index,Up,3,3.18,0.11,3.21,0.12
Index,Up,4,3.19,0.11,3.18,0.12
Index,Up,5,3.17,0.09,3.20,0.10
Index,Up,6,3.17,0.10,3.20,0.09
Index,Up,7,3.18,0.10,3.17,0.09
Index,Up,8,3.18,0.09,3.17,0.10
Index,Up,9,3.20,0.10,3.18,0.09
Index,Up,10,3.18,0.10,3.20,0.09
Index,Up,1,3.20,2.36,0,0
Index,Up,2,3.18,2.36,3.20,0
Index,Up,3,3.18,2.04,3.20,2.36
Index,Up,4,3.19,2.04,3.18,2.36
Index,Up,5,3.19,1.78,3.18,2.04
Index,Up,6,3.18,1.78,3.19,2.04
Index,Up,7,3.18,1.56,3.19,1.78
Index,Up,8,3.17,1.37,3.18,1.56
Index,Up,9,3.17,1.22,3.18,1.37
Index,Up,10,3.18,1.22,3.17,1.37
Index,Up,1,3.18,1.08,3.17,1.22
Index,Up,2,3.19,0.70,3.18,0.78
Index,Up,3,3.19,0.64,3.18,0.70
Index,Up,4,3.18,0.64,3.19,0.70
Index,Up,5,3.18,0.59,3.19,0.64
Index,Up,6,3.17,0.59,3.18,0.64
Index,Up,7,3.17,0.55,3.18,0.59
Index,Up,8,3.19,0.55,3.17,0.59
Index,Up,9,3.19,0.51,3.17,0.55
Index,Up,10,3.16,0.51,3.19,0.55
Index,Up,1,3.16,0.48,3.19,0.51
Index,Up,2,3.18,0.48,3.16,0.51
Index,Up,3,3.18,0.45,3.16,0.48
Index,Up,4,3.17,0.42,3.18,0.45
Index,Up,5,3.17,0.40,3.18,0.42
Index,Up,6,3.16,0.37,3.17,0.38
Index,Up,7,3.16,0.35,3.17,0.37
Index,Up,8,3.18,0.31,3.16,0.32
Index,Up,9,3.18,0.30,3.16,0.31
Index,Up,10,3.16,0.30,3.18,0.31
Index,Up,1,3.16,0.29,3.18,0.30
Index,Up,2,3.18,0.29,3.16,0.30
Index,Up,3,3.18,0.28,3.16,0.29
Thumb,Flick,2,3.01,3.20,,0
Thumb,Flick,3,3.01,3.20,3.02,3.19
Thumb,Flick,4,3.02,3.19,3.01,3.20
Thumb,Flick,5,3.01,3.20,3.02,3.19
